-- phpMyAdmin SQL Dump
-- version 5.1.1
-- https://www.phpmyadmin.net/
--
-- Host: 127.0.0.1
-- Generation Time: Aug 06, 2022 at 11:40 AM
-- Server version: 10.4.22-MariaDB
-- PHP Version: 8.0.13

SET SQL_MODE = "NO_AUTO_VALUE_ON_ZERO";
START TRANSACTION;
SET time_zone = "+00:00";


/*!40101 SET @OLD_CHARACTER_SET_CLIENT=@@CHARACTER_SET_CLIENT */;
/*!40101 SET @OLD_CHARACTER_SET_RESULTS=@@CHARACTER_SET_RESULTS */;
/*!40101 SET @OLD_COLLATION_CONNECTION=@@COLLATION_CONNECTION */;
/*!40101 SET NAMES utf8mb4 */;

--
-- Database: `afghan_news_project`
--

-- --------------------------------------------------------

--
-- Table structure for table `admin`
--

CREATE TABLE `admin` (
  `id` int(11) NOT NULL,
  `name` varchar(100) DEFAULT NULL,
  `email` varchar(30) DEFAULT NULL,
  `username` varchar(30) DEFAULT NULL,
  `password` varchar(100) DEFAULT NULL
) ENGINE=InnoDB DEFAULT CHARSET=utf8mb4;

--
-- Dumping data for table `admin`
--

INSERT INTO `admin` (`id`, `name`, `email`, `username`, `password`) VALUES
(1, 'Abdul Basit', 'ab@gmail.com', 'ab@gmail.com', '/3q0Hg==');

-- --------------------------------------------------------

--
-- Table structure for table `audio`
--

CREATE TABLE `audio` (
  `id` int(11) NOT NULL,
  `title` varchar(200) DEFAULT NULL,
  `view` int(11) DEFAULT 0,
  `audio_file` varchar(150) DEFAULT NULL,
  `date` timestamp NOT NULL DEFAULT current_timestamp() ON UPDATE current_timestamp(),
  `fav` int(11) NOT NULL
) ENGINE=InnoDB DEFAULT CHARSET=utf8mb4;

--
-- Dumping data for table `audio`
--

INSERT INTO `audio` (`id`, `title`, `view`, `audio_file`, `date`, `fav`) VALUES
(2, 'د نړۍ له بېلابېلو هېوادونو هغه جالب عکسونه چې تېره اوونۍ پر همدې موضاعاتو خبرونه ول.', 0, 'Audio_scrYJWQGdZ5rSFyUDNPxd23kT9UPgLmuao913MbR_1617657314__.mpeg', '2021-04-05 21:15:14', 0),
(3, 'د افغانستان د ملي مصالحې عالي شورا وايي، دوی د افغان سولې په تړاو د ولسمشر محمد اشرف غني او د ', 0, 'Audio_u78nHDKg6oP7XOMfVU3wdF0POd7nLJ7WqG2SGjBu_1617657338__.mpeg', '2021-04-05 21:15:38', 0),
(4, 'افغانستان د سولې لپاره د امریکا د ځانکړي استازي زلمي خلیلزاد طرحې د څېړولو او نظر ورکولو په موخه تر لاسه', 2, 'Audio_PGTTInBRE9nzepA8WOT7UAgeDflk4s9VXBBnFqag_1617657351__.mpeg', '2021-04-12 01:01:46', 0),
(5, 'په دغه شورا کې یوې سرچینې د نوم نه ښودلو په شرط ویلي د توحید د کمېټې غ', 0, 'Audio_oFYodyjmDXwxl4mrKtOfjtNaVGlsiIrDxDHjkBdj_1617657364__.mpeg', '2021-04-05 21:16:04', 0),
(6, 'دوه ورځې کېږي چې د ملي مصالحې عالي شورا یوه کومېټه د ترکیې د غونډې لپاره د افغان سولې په تړاو د مسودو د توحید او نظرونو په اړه ناستې لري', 0, 'Audio_QQmOlC2t0qqPmOGu8EIXYobdJoGmHyYSB34nT8q5_1617657380__.mpeg', '2021-04-05 21:16:20', 0),
(7, 'د یادې شورا ویاند فریون خوځون بي بي سي ته وویل، کله چې دا کومیټه خپل کار بشپړ کړي ', 0, 'Audio_6vFQZIKUK32AE2VLmAtV1epPoql6xgmEYgFk9OPO_1617657394__.mpeg', '2021-04-05 21:16:34', 0),
(8, 'ښاغلي خوځون وویل، هیله لري چې د ترکیې په ناسته کې به د', 0, 'Audio_S2JQxEQYuDM1SpunYI1j5hYn6zx6gJQpAtBWZERy_1617657407__.mpeg', '2021-04-05 21:16:47', 0),
(9, 'افغانستان اسلامي جمهوریت لخوا د سولې لپاره یوه واحده طرحه وړاندې شي او نظرونو همغږي به موجوده وي. ', 0, 'Audio_1AdlnkXMOiJXQQuPmVHSHRAafMRHObcWkX6bat6v_1617657423__.mpeg', '2021-04-05 21:17:03', 0),
(10, 'افغان چارواکي وايي د ترکيې غونډه کې د سولې لپاره به د ولسمشر غني طرحه چې پر وارمخکې ټاکنو ر', 0, 'Audio_Ohf1rHIDCk47d7cupwjZrZLHr7LhoA6HGmUWlpmB_1617657442__.mpeg', '2021-04-05 21:17:22', 0),
(11, 'د واشنگټن طرحه د يوې ټول شمولې لنډمهالې ادارې وړانديز کوي. ', 0, 'Audio_BCNioGVlci26lsapSpl5sTvkpnCF2OlyE9E9faqX_1617657469__.mpeg', '2021-04-05 21:17:50', 0),
(12, 'افغانستان کې د جگړې ختمولو لپاره د ولسمشر غني د طرحې په تړاو ډېر جزييات تر اوسه نه و په ډاگه شوي خو ', 0, 'Audio_LhGY0PEZLchxmccWtFVSfpEftKv3m4HOd7wVVxsH_1617657480__.mpeg', '2021-04-05 21:18:00', 0),
(13, 'د طرحې لومړى پړاو د پريوه سياسي جوړجاړي اجماع ته د رسېدو او پر يوه اوربند د هوکړې وړانديز کوي.', 0, 'Audio_BchZJCvO0IL13ChHfNraZn0vhjo8jVf3ggxeZ4wK_1617657498__.mpeg', '2021-04-05 21:18:18', 0),
(14, 'د طرحې دويم پړاو کې د ولسمشريزو ټاکنو د ترسره کېدو يادونه شوې چې پايله يې کې د سولې حکومت جوړ او بيا د ', 0, 'Audio_ttLPOl6WHVIv3kvfXq21oc33Sc6GWS627wTGdSPm_1617657509__.mpeg', '2021-04-05 21:18:29', 0),
(15, 'نوي سياسي نظام د جوړولو لپاره د هغو لارو چارو د پلي کولو گامونه پورته شي چې ورباندې هوکړه شوې. ', 0, 'Audio_MCD1VZlmPqUJQsbupJmIpmGPPvmEI95cDOVa3bbI_1617657522__.mpeg', '2021-04-05 21:18:42', 0),
(16, 'دا په داسې حال کې ده چې د افغانستان ملي مصالحې عالي شورا ويلي ۲۵ ګوندونو د سولې ۳۰ طرحې ورته وړاندې کړې. ', 0, 'Audio_xppokZbFNus2tnk9qK8B5xJV8JhiZhc70vXPRhTS_1617657534__.mpeg', '2021-04-05 21:18:54', 0),
(17, 'دا شورا وايي د ترکیې تر ناستې وړاندې هڅه کوي دا ټول وارزوي او بیا د سولې طرحې مسوده جوړه کړي. ', 2, 'Audio_ZxgGxNd1uC6fMPB4xuYylOoKeQMnkCfNijA3rUus_1617657545__.mpeg', '2021-04-06 15:48:37', 0),
(18, 'پرون د پخلاينې عالي شورا د مشرتابه جرگې د دغو طرحو د ارزولو او توحيد لپاره په سپیدار ماڼۍ کې ناسته هم درلوده. ', 0, 'Audio_EyGUpgozdSC11rf47zP4T2NtSBpwM0KCb2Fg2SI9_1617657556__.mpeg', '2021-04-05 21:19:17', 0),
(19, 'دوى په ځانگړې توگه د افغان ولسمشر د طرحې يادونه نه ده کړې خو د پخلاينې عالي شورا مشر عبدالله عبدالله ', 3, 'Audio_lr7rzxL3jU2UwqN8YO7a9Ux2ACYtNKVsdVx9k6Q2_1617657570__.mpeg', '2021-04-18 15:09:22', 0),
(20, 'وړاندې بي بي سي سره خبرو کې ويلي و چې د شورا په ناسته کې د دغې طرحې يادونه شوې خو په تړاو يې جدي بحث نه دى شوى. ', 2, 'Audio_EZDMuCtBvDtQNvHw4KBLw5qTNZHTpbsEI79XjTwx_1617657583__.mpeg', '2021-04-06 15:54:39', 0),
(21, 'دا شورا وايي د ترکیې تر ناستې وړاندې هڅه کوي دا ټول وارزوي او بیا د سولې طرحې مسوده جوړه کړي. ', 1, 'Audio_tk4kR2E5GhKOmYhuIvpKCQqxFgxUwQKwPKvLEsln_1617657594__.mpeg', '2021-04-10 08:58:26', 0),
(27, 'کوروناوېروس؛ د اکسیجن لږوالي له کبله هندي روغتونونه د خدماتو له', 0, 'Audio_Qol7IeZR3noRBGRupooKHgk8y7DpjliMmwi2ttKz_1619304992__.mpeg', '2021-04-24 22:56:32', 1),
(28, 'کوروناوېروس؛ د اکسیجن لږوالي له کبله هندي روغتونونه د خدماتو له', 0, 'Audio_cPZnht4T1gqYemucmY7HEiDzY4Xc9X7OubFbKWWV_1619305050__.mpeg', '2021-04-24 22:57:30', 1),
(29, 'کوروناوېروس؛ د اکسیجن لږوالي له کبله هندي روغتونونه د خدماتو له', 0, 'Audio_GHFm5svA3aJIGEUOT1vJGIMF1uwNCq0jcb3t0f95_1619305084__.mpeg', '2021-04-24 22:58:04', 0);

-- --------------------------------------------------------

--
-- Table structure for table `blog`
--

CREATE TABLE `blog` (
  `id` int(11) NOT NULL,
  `title` varchar(200) DEFAULT NULL,
  `cat_id` int(11) DEFAULT NULL,
  `body` longtext DEFAULT NULL,
  `image` varchar(130) DEFAULT NULL,
  `view` int(11) DEFAULT 0,
  `date` timestamp NOT NULL DEFAULT current_timestamp(),
  `writer` varchar(50) NOT NULL
) ENGINE=InnoDB DEFAULT CHARSET=utf8mb4;

--
-- Dumping data for table `blog`
--

INSERT INTO `blog` (`id`, `title`, `cat_id`, `body`, `image`, `view`, `date`, `writer`) VALUES
(3, 'امریکا د روسیې او چین مشران د نړۍ د اقلیم د بدلون په تړاو نړیوالې ناستې ته ور وبلل. دا ناسته اپرېل کې ترسره کېږي.', 2, '&lt;h4&gt;امریکا د روسیې او چین مشران د نړۍ د اقلیم د بدلون په تړاو نړیوالې ناستې ته ور وبلل. دا ناسته اپرېل کې ترسره کېږي. &lt;/h4&gt;||&lt;p&gt;\r\nشي جېن پېنګ او ولادیمیر پوتین د نړۍ د ۴۰ مشرانو په نوملړ کې دي چې د ځمکې د ورځې نړیوالې ناستې ته بلل شوي دي.\r\n\r\nد امریکا ولسمشر جو بایډن رسنیو سره خبرو کې ویلي تر اوسه د روسیې او چین مشرانو سره د دې ناستې په تړاو نه دی غږېدلی، خو هغوی پوهېږي چې دې ناستې ته بلل شوي دي.\r\n\r\nدا ناسته د جو بایډن د ادارې لخوا د نړۍ د اقلیم بدلون ته د لومړیتوب ورکولو د هڅو برخه ده.\r\n\r\nښاغلي بایډن ژمنه کړې چې اقلیمي بدلونونو ته به کاري لومړیتوب ورکوي او دغه کار لپاره اړتیا ده چې د ډونلډ ټرمپ د حکومت ګڼې پرېکړې او سیاستونه لغوه شي.\r\n\r\nدا ناسته د کورونا وېروس وبا له کبله په انلاین ډول ترسره کېږي. &lt;/p&gt;||&lt;h4&gt;\r\nتمه ده چې امریکا به د دې غونډې په درشل کې تر راتلونکو اتو کلونو پورې د کاربن خپرېدو د کمولو هدف ته رسېدو لپاره خپل پلان هم اعلان کړي. &lt;/h4&gt;||&lt;p&gt;\r\nسپینه ماڼۍ وايي ښاغلي بایډن په بلنلیک کې د دغو هېوادونو له مشرانو غوښتي چې دا ناسته د اقلیمي بدلونونو د اړوندو اهدافو د طرحې لپاره یو فرصت وګڼي.\r\n\r\nله منځني ختیځ څخه دې ناستې ته اسراییل، سعودي عربستان، ترکیه او متحد عرب امارات وربلل شوي دي. &lt;/p&gt;||', 'Blog_6_ZFtti7uHD858bsUU4hpapPt4SD48KSAyqVg8BRN52MwMG5PWyb8mOr1zrMb7_1616895252.jpg', 1000, '2021-03-28 01:34:12', 'Abdul Basit'),
(5, 'ولسمشر غني د اسیا زړه- استانبول بهیر غونډه کې د ګډون لپاره تاجکستان ته ورسېد', 2, '&lt;p&gt; افغان ولسمشر محمد اشرف غني د یوه لوړپوړي پلاوي په مشرۍ د دوشنبې په ورځ د تاجکستان پلازمېنې دوشنبې ته ورسېد چې د اسیا زړه ـ استانبول بهیر نهمه ناسته کې ګډون وکړي.\r\n\r\nارګ خپل ټوېټ کې لیکلي چې ولسمشر غني ته په دوشنبه نړیوال هوایي ډګر کې د تاجکستان لومړي وزیر قاهر رسولزاده، د دغه هيواد د ترانسپورټ وزير عظيم ابراهيم او په تاجکستان کې افغان سفیر ظاهر اغبر او یو شمېر ډیپلوماټانو هرکلی ووایه.\r\n\r\nد اسیا زړه- استانبول بهیر نهمه ناسته کې پر محمد اشرف غني سربېره د تاجکستان ولسمشر امام علي رحمان او د دې پروسې د غړو هېوادونو د بهرنیو چارو وزیران هم ګډون کوي.\r\n\r\nپر دې سربېره ولسمشر غني د تاجکستان له ولسمشر، لومړي وزیر او د پارلمان مشر سره هم پر دوه اړخیزه همکارۍ لیدنې لري.&lt;/p&gt;||&lt;h4&gt;\r\nد تاجکستان بهرنیو چارو وزارت وايي، د دې دوه ورځنۍ غونډې په لومړۍ ورځ یانې دوشنبه به د کارپوهانو غونډه وي او اصلي ناسته به د سې شنبې په ورځ وي چې افغان او تاجک ولسمشران به هم پکې وي&lt;/h4&gt;||&lt;p&gt;\r\n د افغانستان د بهرنیو چارو وزارت ویاند ګران هېواد وايي، په دغه ناسته کې د افغان حکومت اجنډا د افغان سولې لپاره د سیمه ییزې اجماع پیاوړي کول دي:\r\n\r\n&quot;د دې غونډې موخه افغانستان کې د سولې ثبات لپاره د اجماع پیاوړتیا او د سیمې هېوادونو سیاسي اقتصادي او امنیتي همکارۍ پراختیا ده. &quot;\r\n\r\nدې غونډه کې د پاکستا ن،ایران او ترکیې په ګډون د شاوخوا ۱۷ هيوادونو بهرنیو چارو وزیرانو سره د ۵۰ هېوادونو او نړیوالو سازمانو استازي ګډون کوي. &lt;/p&gt;||&lt;p&gt;\r\nدوشنبه کې د بي بي سي خبریال سهراب ضیا وايي، د دې بهیر د اوسنۍ ناستې یوه اصلی موضوع سیمه کې همکاري او باور جوړول دي:\r\n\r\n&quot;ځکه د سیمې ټول هېوادونه له توندلارۍ، ترهګرۍ او نشه يي توکو قاچاق سره مخ دي او د اقتصادي او تجارتي همکاریو چوکاټ کې به د بنسټیزو پروژو او اقتصادي او انرژي برخه کې پر همکارۍ بحث وشي.&quot;\r\n\r\nد غونډې پای کې به د دې بهیر غړي اعلامیه خپروي چې افغانستان او سیمه کې به د سولې او ټیکاو پر پرځایښت چورلي.\r\n\r\nدا غونډه په داسې مهال ده چې د مارچ پر ۱۸ مسکو کې د افغان سولې بهیر د چټکتیا لپاره یوه ورځنۍ ناسته وشوه.\r\n\r\nټاکلې ده ورته ناسته راتلونکې میلادي میاشت په ترکیه کې وشي.&lt;/p&gt;||', 'Blog_5_15lL40pfrMmPCzMGzAY9tE7mkT9XWHOw6ocM1VnGHyDfj3kQ5J4sJLaSxVZz_1617040226.jpg', 400, '2021-03-29 17:50:26', 'Abdul Basit'),
(6, 'بنو کې د جاني خېلو لاریون له حکومت سره تر خبرو وروسته پای ته ورسېد', 2, '&lt;p&gt;د پښتونخوا په بنو ضلعه کې جاني خېلو لاریون چې له تېرې اونۍ روان و او پرون له څلورو مړیو سره د اسلام اباد په لور وخوځېد، نن له حکومت سره تر خبرو وروسته پای ته ورسېد. &lt;/p&gt;||&lt;p&gt;\r\nله حکومت سره د دې لاریون د مرکچي پلاوي یو مشر او د پښتونخوا د ایالتي اسمبلۍ پخوانی غړی عدنان وزیر له بي بي سي سره خبرو کې وايي، د دوی ټولې غوښتنې حکومتي چارواکو منلې دي او تر هغه وروسته دوی خپل لاریون ختم کړ او اوس به خپل مړي په جاني خېلو کې خاورو ته سپاري.\r\n\r\nښاغلي وزیر زیاته کړه، دوی له حکومتي چارواکو لیکل اخیستي، ځکه چې د ده په خبره، چارواکو په تېر کې له دوی سره کړې ژمنې عملي کړې نه دي.\r\n\r\nتېره اونۍ د څلورو ځلموټو د مړیو تر موندل کېدو وروسته دا لاریون پیل او پرون د اسلام اباد په لور وخوځېد.\r\n\r\nخو ځايي امنیتي ځواکونو یې د اسلام باد په لور د تګ مخه نیوله او سیمې ته د صوبایي او مرکزي حکومت چارواکي ورسېدل.&lt;/p&gt;||&lt;h4&gt;\r\n&quot;ښه او بد طالبان نه پرېږدو&quot;&lt;/h4&gt;||&lt;p&gt;\r\nد جاني خېل پرلتوالو او حکومت د استازو ترمنځ د دوشنبې تر سهار خبرې روانې وې او صوبايي وزیر کامران بنګش وویل، د حکومت او ځايي مشرانو ترمنځ خبرې بریالۍ شوې دي.\r\n\r\nد پښتونخوا سر وزیر یا اعلی وزیر محمود خان رسنیو ته ویلي، د دې پېښې د پلټنو لپاره به هر ډول وسایل او لارې چارې وکاروي:\r\n\r\n&quot;حکومت هوډمن دی، څېړنې وخت نیسي، خو له اغېزمنو کسانو هیله ده چې د صبر لمن ونیسي.&quot;\r\n\r\nنوموړي دا هم ویلي، چې حکومت د هر وژل شوي کس پر سر د هغه کورنۍ ته ۲۵ لکه روپۍ ور کوي او جاني خېل کې یې د امن ټینګولو لپاره درې میاشتې وخت غوښتی دی:\r\n\r\n&quot;د څلورو ځوانانو د مرګ روڼه پلټنه کېږي، جاني خېل کې شري عناصر که ښه طالبان وي یا بد نه یې پرېږدو.&quot;&lt;/p&gt;||&lt;h4&gt;\r\nلاریون لا هم د بنو لنک روډ پر ادمي پل روان و او مشرانو یې ویل کله یې مرکچیان ور شي بیا به خپل قام له پرېکړې خبر کړي، چې لاریون ختموي او که نه.&lt;/h4&gt;||&lt;p&gt;\r\n پرلت کې موجود ډاکټر ګل عالم وزیر بي بي سي ته وویل، پرېکړه قام کوي، که قام له مذاکراتي ډلې سره جوړ وي، نو پرلت به ختم کړي او که جوړ نه وي، بیا به مشران پرېکړه کوي چې اسلام اباد ته وخوځېږي که نه.\r\n\r\nخبریال محمد زبیر خان وايي، پرلتوالو بېګا شپه شنه اسمان ته تېره کړه او خوراک څښاک ور ته ځايي خلکو برابر کړی دی.\r\n\r\nپولیسو پر انډس لویه لار د شپې مختلفو ځایونو کې خنډونه درول پیل کړل. د بنو سره تړلو کرک، کوهاټ او نورو لورو ته یې سخت امنیتي تدبیرونه ونیول.&lt;/p&gt;||', 'Blog_6_B31qBJv2HKuOMsMe7v9vVP7QOr5I5E4b6oyl8h0Uh30imwbNnyb2rvqm1st5_1617040323.jpg', 99, '2021-03-29 17:52:03', 'Abdul Basit'),
(7, 'فرانسوی شرکت د زیان رسوونکو درملو پر جوړولو جریمه شو', 2, '&lt;h4&gt;فرانسه کې د درملو جوړولو یو شرکت د زیان رسوونکو درملو د پلورلو له امله ۲،۷ میلونه یورو جریمه شو.&lt;/h4&gt;||&lt;p&gt;\r\nد درملو جوړولو فرانسوی شرکت،سېرویېر، د مېدیاتور په نامه د بدن د وزن د کمولو تابلېتونو پرسر چې یوستر روغتیايي جنجال یې رامنځته کړی و، د درغلۍ او غېرقصدي قتل په تور جریمه شو.\r\n\r\nد مېدیاتور په نامه دا تابلېت دهغو کسانو لپاره جوړ شوي و چې د شکرې ناروغي يې درلوده او د بدن وزن یې له حده زیات و، او ۳۳ کاله کېږي چې دا تابلېت په بازارکې پلورل کېدل.\r\n\r\nپه ۲۰۰۹ کې بالاخره دا درمل له بازاره واېستل شول ځکه داسې اندېښنې وې چې کېدای شي د انسان د زړه لپاره د جدي ستونزو سبب شي.\r\n\r\nباور کېږي چې ددې درملو له امله په سلګونو کسان مړه شوی دي.\r\n\r\nسره ددې چې ددې درملو د جانبي ناوړه اغېزو په اړه څو ځله خبرداری ورکړل شوی و، خو د ۳۳ کلونو په ترڅ کې تقریبا پنځه میلیونو خلکو ته د ډاکټرانو په نسخو کې دا درمل ورکړل شوي و.&lt;/p&gt;||&lt;h4&gt;\r\nپه ۲۰۱۹ کې په دې اړه یوه محاکمه پېل شوه چې په زرګونو شکایت کوونکو خلکو په کې ګډون درلود.&lt;/h4&gt;||&lt;p&gt;\r\nد درملو جوړولو شرکت، سېرویېر، ویلي نه پوهېدل چې د مېدیاتور په نامه دا درمل دې دغسې ناوړي جانبي اغېزې ولري خو د دوشنبې پر ورځ محکمې دا شرکت ۲،۷ میلیونه یورو جریمه کړ.\r\n\r\nد شرکت پخوانی مشر، ژان فېلیپ سېتا، ته هم د څلور کلونو تعلیقي بند سزا ورکړل شوه.\r\n\r\nد فرانسې د طبي چارو تنظیمونکې اداره هم د رسوايي په دې قضیې کې د رول درلودلو له امله ۳۰۰،۰۰۰ یورو جریمه شوه.\r\n\r\n    هند کې د کورونا وېروس درمل په تور بازار کې په لوړه بیه خرڅېږي\r\n    د معدې درمل که سرطان پیدا کوونکي زهر؟\r\n\r\nد اې اېف پي خبري اژانس د خبر له مخې ، د محکمې قاضي موندلې چې دغه اداره په خپلو دندو کې په جدې ډول ناکامه شوې وه.&lt;/p&gt;||&lt;p&gt;\r\nد دوشنبې ورځې له پریکړې وړاندې، د سږو د ناروغیو یوې فرانسوي ډاکټرې، اېرین فراکون، چې ددې درملو جانبي ناوړه اغېزې یې څرګندې کړې وې، د اې اېف پي خبري اژانس ته وویل هیله لري د محکمې دا پرېکړه به موږ ته دا وسایل په لاس راکړي چې وپوهېږو دغسې یوه درغلي څنګه د داسې یوې اوږدې مودې لپاره دوام کړی و.\r\n\r\nیوشمېر نورو اروپايي هېوادونو، لکه اېټالیا او اسپانیا، د ۲۰۰۰ کال په لومړیوکې د مېدیاتور تابلېټو استعمال منع کړی و. خو په فرانسه کې لاهم د شکرې ناروغۍ درلودونکو کسانو او نورو ناروغانو ته د اشتها د کمولو درملو په توګه ورکول کېدل.\r\n\r\nد یوې څېړنې له مخې دا نتیجه اخیستل شوې چې د ۱۹۷۶- ۲۰۰۹ کلونو په ترڅ کې ښایی د ۵۰۰ کسانو مړینې د مېدیاتور درملو سره تړاو درلودلی وي. یوې دویمې څېړنې دا شمېره ۲۰۰۰ ښودلې.&lt;/p&gt;||', 'Blog_1_YRCWGMXhRkGUU6SExvuvbyeSsrjouwain4BBPeS3KxOHNBuCHupEFbV0h0Gt_1617040421.jpg', 99, '2021-03-29 17:53:41', 'Abdul Basit'),
(8, 'فرانسې بریتانیا د واکسین د صادراتو په اړه په باج اخیستو تورنه کړه', 2, '&lt;p&gt;فرانسې بریتانیا تورنه کړې ده چې د واکسینو د صادراتو پر سر باج اخلي. د فرانسې بهرنیو چارو وزیر ژان ایو لودورین ویلي په داسې شرایطو کې چې اروپايي ټولنه په واکسناسیون کې ستونزه لري، بریتانیا ته یې د میلیونونو ډوزو واکسینو په لیږدولو سره دوکه شوې ده.\r\n\r\nدغه فرانسوي چارواکي له اینفو فرانسوي راډیو سره په خبرو کې ویلي &quot;موږ باید د متقابلو همکاریو پر بنسټ اړیکه جوړه کړو. په دا ډول سره نشو کولای کوم کار تر سره کړو.&quot;\r\n\r\nفرانسې له اروپايي ټولنې غوښتي چې د واکسین پر صادراتو لا ډير محدودیتونه ولګوي.\r\n\r\nاروپايي ټولنه کې د واکسین ویش او واکسیناسیون پڅ پر مخ روان دی.\r\n\r\nاروپايي ټولنه د واکسین تولیدونکي شرکتونه په ځانګړي ډول اسټرازېنېکا له دې امله ملامتوي چې د واکسین چمتو کولو کې یې ځنډ کړی دی.\r\n\r\nاسټرازېنېکا شرکت بیا تړون ته د نه ژمنتیا تورونه رد کړي دي. &lt;/p&gt;||&lt;h4&gt;\r\nاروپايي ټولنه تمه لري چې د مارچ میاشتې تر پایه ۳۰ میلیونه ډوزه واکسین تر لاسه کړي&lt;/h4&gt;||&lt;p&gt;\r\nدا د هغې اندازې له دریمې برخې هم لږه ده چې اروپايي ټولنې پام کې نیولې وه.\r\n\r\nپه ورته وخت کې بریتانیا کې بیا واکسیناسیون د اروپايي ټولنې له ټولو ۲۷ غړو ښه پر مخ تللی دی.\r\n\r\nد اروپايي کمیسیون مشرې اورسلا ون ډرلاین د پنجشنبې پر ورځ د اروپايي ټولنې د مشرانو ترمنځ له انټرنیټي ناستې وروسته وویل، دې ټولنې تر ټولو ډير واکسین صادر کړي او له نورو هېوادونو یې هم غوښتي چې د دوی پر پل پل کېږي.\r\n\r\nاغلې ون ډر لاین له اسټرازېنېکا شرکت وغوښتل چې د نړۍ نورو سیمو ته تر صادراتو وړاندې له اروپايي ټولنې سره کړې ژمنې عملي کړي. &lt;/p&gt;||', 'Blog_5_CziM7h9E6IHVu99xFdJUHKiljVkQRJ3r4jWuu2s5RWFRR0FzlDBsyWfpyXWe_1617040488.jpg', 666, '2021-03-29 17:54:48', 'Abdul Basit'),
(9, 'شتمن دولتونه ولې مخ پر وده هېوادونو کې د واکسین تولید \'مخه نیسي؟\'', 2, '&lt;p&gt;فرانسې بریتانیا تورنه کړې ده چې د واکسینو د صادراتو پر سر باج اخلي. د فرانسې بهرنیو چارو وزیر ژان ایو لودورین ویلي په داسې شرایطو کې چې اروپايي ټولنه په واکسناسیون کې ستونزه لري، بریتانیا ته یې د میلیونونو ډوزو واکسینو په لیږدولو سره دوکه شوې ده.\r\n\r\nدغه فرانسوي چارواکي له اینفو فرانسوي راډیو سره په خبرو کې ویلي &quot;موږ باید د متقابلو همکاریو پر بنسټ اړیکه جوړه کړو. په دا ډول سره نشو کولای کوم کار تر سره کړو.&quot;\r\n\r\nفرانسې له اروپايي ټولنې غوښتي چې د واکسین پر صادراتو لا ډير محدودیتونه ولګوي.\r\n\r\nاروپايي ټولنه کې د واکسین ویش او واکسیناسیون پڅ پر مخ روان دی.\r\n\r\nاروپايي ټولنه د واکسین تولیدونکي شرکتونه په ځانګړي ډول اسټرازېنېکا له دې امله ملامتوي چې د واکسین چمتو کولو کې یې ځنډ کړی دی.\r\n\r\nاسټرازېنېکا شرکت بیا تړون ته د نه ژمنتیا تورونه رد کړي دي. &lt;/p&gt;||&lt;h4&gt;\r\nاروپايي ټولنه تمه لري چې د مارچ میاشتې تر پایه ۳۰ میلیونه ډوزه واکسین تر لاسه کړي&lt;/h4&gt;||&lt;p&gt;\r\nدا د هغې اندازې له دریمې برخې هم لږه ده چې اروپايي ټولنې پام کې نیولې وه.\r\n\r\nپه ورته وخت کې بریتانیا کې بیا واکسیناسیون د اروپايي ټولنې له ټولو ۲۷ غړو ښه پر مخ تللی دی.\r\n\r\nد اروپايي کمیسیون مشرې اورسلا ون ډرلاین د پنجشنبې پر ورځ د اروپايي ټولنې د مشرانو ترمنځ له انټرنیټي ناستې وروسته وویل، دې ټولنې تر ټولو ډير واکسین صادر کړي او له نورو هېوادونو یې هم غوښتي چې د دوی پر پل پل کېږي.\r\n\r\nاغلې ون ډر لاین له اسټرازېنېکا شرکت وغوښتل چې د نړۍ نورو سیمو ته تر صادراتو وړاندې له اروپايي ټولنې سره کړې ژمنې عملي کړي. &lt;/p&gt;||', 'Blog_6_iKwweqoXs0TNjxnvvyykkSsgvYGFK5I0g0YDrerT4kgnc710o7zEMv9Iv9aJ_1617040509.jpg', 90, '2021-03-29 17:55:09', 'Abdul Basit'),
(10, 'شتمن دولتونه ولې مخ پر وده هېوادونو کې د واکسین تولید \'مخه نیسي؟\'', 2, '&lt;p&gt;فرانسې بریتانیا تورنه کړې ده چې د واکسینو د صادراتو پر سر باج اخلي. د فرانسې بهرنیو چارو وزیر ژان ایو لودورین ویلي په داسې شرایطو کې چې اروپايي ټولنه په واکسناسیون کې ستونزه لري، بریتانیا ته یې د میلیونونو ډوزو واکسینو په لیږدولو سره دوکه شوې ده.\r\n\r\nدغه فرانسوي چارواکي له اینفو فرانسوي راډیو سره په خبرو کې ویلي &quot;موږ باید د متقابلو همکاریو پر بنسټ اړیکه جوړه کړو. په دا ډول سره نشو کولای کوم کار تر سره کړو.&quot;\r\n\r\nفرانسې له اروپايي ټولنې غوښتي چې د واکسین پر صادراتو لا ډير محدودیتونه ولګوي.\r\n\r\nاروپايي ټولنه کې د واکسین ویش او واکسیناسیون پڅ پر مخ روان دی.\r\n\r\nاروپايي ټولنه د واکسین تولیدونکي شرکتونه په ځانګړي ډول اسټرازېنېکا له دې امله ملامتوي چې د واکسین چمتو کولو کې یې ځنډ کړی دی.\r\n\r\nاسټرازېنېکا شرکت بیا تړون ته د نه ژمنتیا تورونه رد کړي دي. &lt;/p&gt;||&lt;h4&gt;\r\nاروپايي ټولنه تمه لري چې د مارچ میاشتې تر پایه ۳۰ میلیونه ډوزه واکسین تر لاسه کړي&lt;/h4&gt;||&lt;p&gt;\r\nدا د هغې اندازې له دریمې برخې هم لږه ده چې اروپايي ټولنې پام کې نیولې وه.\r\n\r\nپه ورته وخت کې بریتانیا کې بیا واکسیناسیون د اروپايي ټولنې له ټولو ۲۷ غړو ښه پر مخ تللی دی.\r\n\r\nد اروپايي کمیسیون مشرې اورسلا ون ډرلاین د پنجشنبې پر ورځ د اروپايي ټولنې د مشرانو ترمنځ له انټرنیټي ناستې وروسته وویل، دې ټولنې تر ټولو ډير واکسین صادر کړي او له نورو هېوادونو یې هم غوښتي چې د دوی پر پل پل کېږي.\r\n\r\nاغلې ون ډر لاین له اسټرازېنېکا شرکت وغوښتل چې د نړۍ نورو سیمو ته تر صادراتو وړاندې له اروپايي ټولنې سره کړې ژمنې عملي کړي. &lt;/p&gt;||', 'Blog_6_nQxF04HUtdWH9c7xZXRkkAwUTCf5v4JzQwc9A1QMYGbC8jTZG4OsAAPW4tx4_1617040526.jpg', 859, '2021-03-29 17:55:26', 'Abdul Basit'),
(11, 'شتمن دولتونه ولې مخ پر وده هېوادونو کې د واکسین تولید \'مخه نیسي؟\'', 6, '&lt;p&gt;د کورونا وېروس وبا پر وړاندې روانه مبارزه کې یوه ستونزه موجوده ده؛ موږ د ریکارډ تر کچې کم وخت کې بېلا بېل واکسین جوړ کړل، خو دا واکسین اوس د نړۍ یوازې یوه کوچنۍ برخه کې تطبیق او لګول کېږي.\r\n\r\nدا واکسین چین، امریکا، بریتانیا، روسیه او هند کې جوړ شوي او تر ډېره همدغو ځایونو پورې محدود پاتې دي، ځکه دغو هېوادونو د خپلې اړتیا وړ اندازه پېرلي او دا کار د دې لامل شوی چې د ټیټ او منځني عاید لرونکو هېوادونو زیانمنو خلکو ته د دغه واکسین نسبتاً کم ډوزونه ورسېږي.\r\n\r\nځینې مخ پر ودې هېوادونه وايي دوی ښايي پخپله واکسین تولید کړي چې دا به واکسین ته د بې وزله هېوادونو لاسرسی پراخ کړي.\r\n\r\nهند او سویلي افریقا د سوداګرۍ له نړیوال سازمان \'ډبلیو ټي او \' غوښتي چې د واکسینونو د تولید د حق په اړه امتیازي قوانین نرم کړي، چې د واکسین تولیدونکي محدودوي.\r\n\r\nخو د شتمنو هېوادونو حکومتونه او درمل جوړونکې کمپنۍ د دغه کار مخالفت کوي او وايي دا ګام به وبا ته د رسېدو لپاره نړیوال غبرګون او راتلونکې کې د واکسین جوړولو چاره زیانمنه کړي.&lt;/p&gt;||&lt;h4&gt;\r\nاوس څوک د واکسین جوړولو حق لري؟&lt;/h4&gt;||&lt;p&gt;\r\nد روغتیا نړیوال سازمان تېره فبرورۍ کې وویل چې تر دې دمه د کوویډ-۱۹ دوه سوه میلیون ډوزه واکسین تجویز شوي، خو ۷۵ سلنه یې د نړۍ په لسو شتمنو هېوادونو کې خلکو ته لګول شوې دي.\r\n\r\nد شمالي کارولینا په ډوک پوهنتون کې د نړیوالې روغتیا او عامه پالیسۍ د استاد ګاوین یامي په وینا دې له سره په توپیر د نړۍ ۱۳۰ نورو هېوادونو بیا - چې دوه نیم میلیارده وګړي پکې ژوند کوي - تر دې دمه ان یو ډوز واکسین هم نه دی ترلاسه کړی.\r\n\r\nهغه بي بي سي ته وویل: &quot;دا ډېره ناهیلې کوونکې ده چې ګورئ شتمنو هېوادونو تاخچې څرنګه تشې کړې دي. واکسین چور شوي، اصلآ وايي &quot;لومړی زه&quot; او &quot;یوازې زه&quot; - دا چاره نه یوازې دا چې ډېره ناعادلانه ده بلکې د عامې روغتیا له اړخه وحشتناک چلن هم دی.&quot;\r\n\r\nخو بډای دولتونو مخ پر ودې هېوادونو ته د واکسین رسېدو لپاره لږترلږه له مالي اړخه د نړیوالو هڅو ملاتړ کړی دی.\r\n\r\nمخ پر ودې هېوادونو ته د دوه میلیارد ډوزه واکسین د برابرولو لپاره نړیوال نوښت کوواکس، او د کوویډ-۱۹ ټکنالوجۍ ته د لاسرسي چوکاټ (سي-ټپ) دواړه هیله من دي چې د واکسین پراخ او برابر ویش به تضمین کړي.\r\n\r\nسي-ټپ د واکسین جوړولو برخه کې د مالوماتو او فکري مالکیت د حقوقو د شریکېدو غوښتنه کوي.\r\n\r\nخو دا دواړه پروژې له ستونزو سره مخامخ دي.&lt;/p&gt;||&lt;p&gt;\r\n&lt;/p&gt;||', 'Blog_6_dmQl74hF30XgFeyjk475ABjRdD9u5LnMoBJkUuOY18J6LyS1bxiTjeXnmOLT_1617040620.jpg', 0, '2021-03-29 17:57:00', 'Abdul Basit'),
(12, 'شتمن دولتونه ولې مخ پر وده هېوادونو کې د واکسین تولید \'مخه نیسي؟\'', 3, '&lt;p&gt;د کورونا وېروس وبا پر وړاندې روانه مبارزه کې یوه ستونزه موجوده ده؛ موږ د ریکارډ تر کچې کم وخت کې بېلا بېل واکسین جوړ کړل، خو دا واکسین اوس د نړۍ یوازې یوه کوچنۍ برخه کې تطبیق او لګول کېږي.\r\n\r\nدا واکسین چین، امریکا، بریتانیا، روسیه او هند کې جوړ شوي او تر ډېره همدغو ځایونو پورې محدود پاتې دي، ځکه دغو هېوادونو د خپلې اړتیا وړ اندازه پېرلي او دا کار د دې لامل شوی چې د ټیټ او منځني عاید لرونکو هېوادونو زیانمنو خلکو ته د دغه واکسین نسبتاً کم ډوزونه ورسېږي.\r\n\r\nځینې مخ پر ودې هېوادونه وايي دوی ښايي پخپله واکسین تولید کړي چې دا به واکسین ته د بې وزله هېوادونو لاسرسی پراخ کړي.\r\n\r\nهند او سویلي افریقا د سوداګرۍ له نړیوال سازمان \'ډبلیو ټي او \' غوښتي چې د واکسینونو د تولید د حق په اړه امتیازي قوانین نرم کړي، چې د واکسین تولیدونکي محدودوي.\r\n\r\nخو د شتمنو هېوادونو حکومتونه او درمل جوړونکې کمپنۍ د دغه کار مخالفت کوي او وايي دا ګام به وبا ته د رسېدو لپاره نړیوال غبرګون او راتلونکې کې د واکسین جوړولو چاره زیانمنه کړي.&lt;/p&gt;||&lt;h4&gt;\r\nاوس څوک د واکسین جوړولو حق لري؟&lt;/h4&gt;||&lt;p&gt;\r\nد روغتیا نړیوال سازمان تېره فبرورۍ کې وویل چې تر دې دمه د کوویډ-۱۹ دوه سوه میلیون ډوزه واکسین تجویز شوي، خو ۷۵ سلنه یې د نړۍ په لسو شتمنو هېوادونو کې خلکو ته لګول شوې دي.\r\n\r\nد شمالي کارولینا په ډوک پوهنتون کې د نړیوالې روغتیا او عامه پالیسۍ د استاد ګاوین یامي په وینا دې له سره په توپیر د نړۍ ۱۳۰ نورو هېوادونو بیا - چې دوه نیم میلیارده وګړي پکې ژوند کوي - تر دې دمه ان یو ډوز واکسین هم نه دی ترلاسه کړی.\r\n\r\nهغه بي بي سي ته وویل: &quot;دا ډېره ناهیلې کوونکې ده چې ګورئ شتمنو هېوادونو تاخچې څرنګه تشې کړې دي. واکسین چور شوي، اصلآ وايي &quot;لومړی زه&quot; او &quot;یوازې زه&quot; - دا چاره نه یوازې دا چې ډېره ناعادلانه ده بلکې د عامې روغتیا له اړخه وحشتناک چلن هم دی.&quot;\r\n\r\nخو بډای دولتونو مخ پر ودې هېوادونو ته د واکسین رسېدو لپاره لږترلږه له مالي اړخه د نړیوالو هڅو ملاتړ کړی دی.\r\n\r\nمخ پر ودې هېوادونو ته د دوه میلیارد ډوزه واکسین د برابرولو لپاره نړیوال نوښت کوواکس، او د کوویډ-۱۹ ټکنالوجۍ ته د لاسرسي چوکاټ (سي-ټپ) دواړه هیله من دي چې د واکسین پراخ او برابر ویش به تضمین کړي.\r\n\r\nسي-ټپ د واکسین جوړولو برخه کې د مالوماتو او فکري مالکیت د حقوقو د شریکېدو غوښتنه کوي.\r\n\r\nخو دا دواړه پروژې له ستونزو سره مخامخ دي.&lt;/p&gt;||&lt;p&gt;\r\n&lt;/p&gt;||', 'Blog_3_41XJsPJd5gF3gPTT9snZzQdMGzlhAB2RkbEPBqLgnrARbAkUAojUJ09tpbvL_1617040636.jpg', 0, '2021-03-29 17:57:16', 'Abdul Basit'),
(13, 'کورونا وېروس: جرمني نوي اعلان شوي محدودیتونه لغوه کړل', 6, '&lt;p&gt;د جرمني لومړۍ وزیرې انګلا میرکل د کورونا وېروس د بیا خپرېدو د مخنیوي لپاره په ایسټر اختر کې د سخت ټولبندیز پلان لغوه کړ.\r\n\r\nټاکلې وه جرمني پرون د کورونا وېروس د خپرېدو د مخنیوي لپاره محدودیتونه د درې نورو اونیو لپاره اعلان کړي چې ور سره د وېروس د دریمې څپې د ګواښ له امله یې د عیسویانو د ایستر رخصتیو پرمهال تقریبا په بشپړ ډول هرڅه بیا بندېدل.\r\n\r\nد جرمني صدراعظمې انګلا مېرکل د دوشنبې په ورځ د هېواد سیمه ییزو مشرانو سره له خبرو وروسته وویل محدودیتونه به د اپریل تر۱۸مې پورې دوام وکړي، خو د اپرېل له اولې تر پنځمې به دا محدودیتونه ډېر سخت وو.&lt;/p&gt;||&lt;h4&gt;\r\nد محدودیتونو لګولو پلان د سوداګرۍ مشرانو او پوهانو له سختو نیوکو سره مخ وو.&lt;/h4&gt;||&lt;p&gt;\r\nپرون د جرمني صدراعظمې انګلا مېرکل وویل، دا پلان &quot;تېروتنه&quot; بولي او زیاته یې کړه چې له دې پلان د تېرېدلو مسوولیت هم په خپله غاړه اخلي.\r\n\r\nد انګلا مېرکل د ګوند یو مشر ارمین لاسچټ د چارشنبې په ورځ سیمه ییز پارلمان ته وویل، نوي ټولندیز په دا ډول د پلي کېدو وړ نه و.\r\n\r\nانګلا مېرکل هم د چارشنبې په ورځ برلین کې خبریالانو ته وویل: &quot;دا ټول بهیر د نورې بې باورۍ سبب شوی و، له امله یې له ټولو وګړو بښنه غواړم.&quot;\r\n\r\nد هغې په خبره، &quot;د دې ټولبندیز پلي کولو لپاره ښه سببونه هم و، خو دې لنډ وخت کې خورا ښه پلی کېدی نه شو.&quot;\r\n\r\nپه وروستیو اونیو کې په ټوله اروپاکې پر کورونا وېروس د اخته کېدو پېښې مخ په زیاتېدو وې، پداسې حال کې چې د واکسینونو په لېږد کې د ځنډونو سره سره هېوادونو هڅه کوله خپل وګړي واکسین کړي.\r\n\r\nپر ویروس د اخته کسانو شمېر د جرمني په هرو ۱۰۰،۰۰۰ کسانو کې تر ۱۰۰ زیات شویدی. په تېرو ۲۴ ساعتونوکې ۷،۴۸۵ کسان نور هم اخته شویدي او ۲۵۰ تنه یې وژلي دي.&lt;/p&gt;||&lt;h4&gt;\r\nپه نوره اروپا کې څه تېرېږي؟&lt;/h4&gt;||&lt;p&gt;\r\nله بل پلوه، په تېرو ۲۴ ساعتونوکې د فرانسې په روغتونونوکې ۴۷۱ تنه نور ناروغان د جدي پاملرنې په څانګو کې بستري شوی دي ، او ۱۵،۷۹۲ تنه نور پر ویروس باندې اخته شویدي.\r\n\r\nد فرانسې د روغتونونو د ټولنې مشر، فرېدریک والیتو، وايي د اخته کسانو شمېر په بېسارې کچه په ډېرېدو دی او ښايي په راتلونکو دوه درې اونیو کې روغتونونه ډک شي.\r\n\r\nپداسې حال کې ده چې د دنمارک سیاسي مشرانو پریکړه کړې چې خپل هېواد کې د اپریل له شپږمې نېټې وروسته روغتیايي محدودیتونه یوڅه نورهم را کم کړي، نور ماشومان به هم ښونځیو ته ځي او د سلماني دوکانونه به بیا پرانیستل کېږي.\r\n\r\nله بلې خوا د چک په جمهوریت کې چارواکي وايي د کورونا وبا د پېل راهیسې تراوسه هلته ۲۵،۰۰۰ کسانو خپل ژوند له لاسه ورکړی، خو د تېرې اونې په پرتله د اخته کسانوشمېر راټیټ شوېدی.\r\n\r\nد جرمني صدراعظمې انګېلا مېرکل ویلي د کورونا ویروسه هغه ډول چې لومړی په بریتانیا کې موندل شوی و اوس په جرمني کې ډېر خپورشوی دی، او د هغې په خبره یوه نوې وبا یې رامنځته کړې.\r\n\r\nهغه وايی اساسا موږ یو نوی ویروس لرو. دا ویروس ډېر وژونکی دی، ژر خپرېږي او د ډېر وخت لپاره انسان اخته کوي.&lt;/p&gt;||&lt;h4&gt;\r\nډنمارک غواړي چې د کوېډ پاسپورت رامنخته کړی&lt;/h4&gt;||&lt;p&gt;\r\nد ډنمارک چارواکي وړاندیز کوي چې دکورونا پاس په نامه یوډول پاسپورت رامنځته کړي چې په هغې کې به لیکل شوي وي چې درلودونکي یې واکسین کړی که نه.\r\n\r\nپخوا په وېروس اخته شوی یایې په تېرو ۷۲ ساعتونکې معاینه منفي راوتې که څنګه. له ۱۵ کلوعمرنه کم ماشومان به اړ نه وي چې دغه پاسپورټ ولري.\r\n\r\nددې پاسپورټ موخه چې پر موبایل او کاغذ به هم کارول کېږي، داده چې د اړتیا وړ شرایطو پوره کونکي خلک به کولای شي سلماني دوکان، رسټورانټ او یا هم بالاخره سینما ته لاړشي.\r\n\r\nاوسني پلان دادي چې د اپریل له ۱۳مې نه واړه پلورنځي پرانیستل شي او د اپریل له ۲۱مې نه به سترپلورنځي، په ازاده هواکې د خوراک لپاره رستورانټونه او چایخانې پرانیستل کېږي.\r\n\r\nسینماګانې او د سرپتوځایونو رسټورانټونه به د می د میاشتې له ۶مې پرانیستل کېږي.\r\n\r\nد ډنمارک صدراعظم، میتي فرېدیریکسېن، وویل کله چې له ۵۰ کلو نه زیات عمر درلودونکي ټول واکسین شي زیاتره محدودیتونه به لیرې کړی شي. هیله یې درلوده چې دا کاربه د می په میاشت کې ترسره شي.&lt;/p&gt;||', 'Blog_6_tjIRwF05G4Kux9HyL9ApigH3P374xRf0NhNagd0Aw4BEi8An53NvB9ywVjIY_1617040755.jpg', 0, '2021-03-29 17:59:15', 'Abdul Basit'),
(14, 'کورونا وېروس: جرمني نوي اعلان شوي محدودیتونه لغوه کړل', 6, '&lt;p&gt;د جرمني لومړۍ وزیرې انګلا میرکل د کورونا وېروس د بیا خپرېدو د مخنیوي لپاره په ایسټر اختر کې د سخت ټولبندیز پلان لغوه کړ.\r\n\r\nټاکلې وه جرمني پرون د کورونا وېروس د خپرېدو د مخنیوي لپاره محدودیتونه د درې نورو اونیو لپاره اعلان کړي چې ور سره د وېروس د دریمې څپې د ګواښ له امله یې د عیسویانو د ایستر رخصتیو پرمهال تقریبا په بشپړ ډول هرڅه بیا بندېدل.\r\n\r\nد جرمني صدراعظمې انګلا مېرکل د دوشنبې په ورځ د هېواد سیمه ییزو مشرانو سره له خبرو وروسته وویل محدودیتونه به د اپریل تر۱۸مې پورې دوام وکړي، خو د اپرېل له اولې تر پنځمې به دا محدودیتونه ډېر سخت وو.&lt;/p&gt;||&lt;h4&gt;\r\nد محدودیتونو لګولو پلان د سوداګرۍ مشرانو او پوهانو له سختو نیوکو سره مخ وو.&lt;/h4&gt;||&lt;p&gt;\r\nپرون د جرمني صدراعظمې انګلا مېرکل وویل، دا پلان &quot;تېروتنه&quot; بولي او زیاته یې کړه چې له دې پلان د تېرېدلو مسوولیت هم په خپله غاړه اخلي.\r\n\r\nد انګلا مېرکل د ګوند یو مشر ارمین لاسچټ د چارشنبې په ورځ سیمه ییز پارلمان ته وویل، نوي ټولندیز په دا ډول د پلي کېدو وړ نه و.\r\n\r\nانګلا مېرکل هم د چارشنبې په ورځ برلین کې خبریالانو ته وویل: &quot;دا ټول بهیر د نورې بې باورۍ سبب شوی و، له امله یې له ټولو وګړو بښنه غواړم.&quot;\r\n\r\nد هغې په خبره، &quot;د دې ټولبندیز پلي کولو لپاره ښه سببونه هم و، خو دې لنډ وخت کې خورا ښه پلی کېدی نه شو.&quot;\r\n\r\nپه وروستیو اونیو کې په ټوله اروپاکې پر کورونا وېروس د اخته کېدو پېښې مخ په زیاتېدو وې، پداسې حال کې چې د واکسینونو په لېږد کې د ځنډونو سره سره هېوادونو هڅه کوله خپل وګړي واکسین کړي.\r\n\r\nپر ویروس د اخته کسانو شمېر د جرمني په هرو ۱۰۰،۰۰۰ کسانو کې تر ۱۰۰ زیات شویدی. په تېرو ۲۴ ساعتونوکې ۷،۴۸۵ کسان نور هم اخته شویدي او ۲۵۰ تنه یې وژلي دي.&lt;/p&gt;||&lt;h4&gt;\r\nپه نوره اروپا کې څه تېرېږي؟&lt;/h4&gt;||&lt;p&gt;\r\nله بل پلوه، په تېرو ۲۴ ساعتونوکې د فرانسې په روغتونونوکې ۴۷۱ تنه نور ناروغان د جدي پاملرنې په څانګو کې بستري شوی دي ، او ۱۵،۷۹۲ تنه نور پر ویروس باندې اخته شویدي.\r\n\r\nد فرانسې د روغتونونو د ټولنې مشر، فرېدریک والیتو، وايي د اخته کسانو شمېر په بېسارې کچه په ډېرېدو دی او ښايي په راتلونکو دوه درې اونیو کې روغتونونه ډک شي.\r\n\r\nپداسې حال کې ده چې د دنمارک سیاسي مشرانو پریکړه کړې چې خپل هېواد کې د اپریل له شپږمې نېټې وروسته روغتیايي محدودیتونه یوڅه نورهم را کم کړي، نور ماشومان به هم ښونځیو ته ځي او د سلماني دوکانونه به بیا پرانیستل کېږي.\r\n\r\nله بلې خوا د چک په جمهوریت کې چارواکي وايي د کورونا وبا د پېل راهیسې تراوسه هلته ۲۵،۰۰۰ کسانو خپل ژوند له لاسه ورکړی، خو د تېرې اونې په پرتله د اخته کسانوشمېر راټیټ شوېدی.\r\n\r\nد جرمني صدراعظمې انګېلا مېرکل ویلي د کورونا ویروسه هغه ډول چې لومړی په بریتانیا کې موندل شوی و اوس په جرمني کې ډېر خپورشوی دی، او د هغې په خبره یوه نوې وبا یې رامنځته کړې.\r\n\r\nهغه وايی اساسا موږ یو نوی ویروس لرو. دا ویروس ډېر وژونکی دی، ژر خپرېږي او د ډېر وخت لپاره انسان اخته کوي.&lt;/p&gt;||&lt;h4&gt;\r\nډنمارک غواړي چې د کوېډ پاسپورت رامنخته کړی&lt;/h4&gt;||&lt;p&gt;\r\nد ډنمارک چارواکي وړاندیز کوي چې دکورونا پاس په نامه یوډول پاسپورت رامنځته کړي چې په هغې کې به لیکل شوي وي چې درلودونکي یې واکسین کړی که نه.\r\n\r\nپخوا په وېروس اخته شوی یایې په تېرو ۷۲ ساعتونکې معاینه منفي راوتې که څنګه. له ۱۵ کلوعمرنه کم ماشومان به اړ نه وي چې دغه پاسپورټ ولري.\r\n\r\nددې پاسپورټ موخه چې پر موبایل او کاغذ به هم کارول کېږي، داده چې د اړتیا وړ شرایطو پوره کونکي خلک به کولای شي سلماني دوکان، رسټورانټ او یا هم بالاخره سینما ته لاړشي.\r\n\r\nاوسني پلان دادي چې د اپریل له ۱۳مې نه واړه پلورنځي پرانیستل شي او د اپریل له ۲۱مې نه به سترپلورنځي، په ازاده هواکې د خوراک لپاره رستورانټونه او چایخانې پرانیستل کېږي.\r\n\r\nسینماګانې او د سرپتوځایونو رسټورانټونه به د می د میاشتې له ۶مې پرانیستل کېږي.\r\n\r\nد ډنمارک صدراعظم، میتي فرېدیریکسېن، وویل کله چې له ۵۰ کلو نه زیات عمر درلودونکي ټول واکسین شي زیاتره محدودیتونه به لیرې کړی شي. هیله یې درلوده چې دا کاربه د می په میاشت کې ترسره شي.&lt;/p&gt;||', 'Blog_6_MqEo4piab7uxItIbjyQ92FdHVgvDqm4aF0EBT8WoG4wNAUi6n9N4IZV5AeyD_1617040773.jpg', 0, '2021-03-29 17:59:33', 'Abdul Basit'),
(15, 'کورونا وېروس: جرمني نوي اعلان شوي محدودیتونه لغوه کړل', 6, '&lt;p&gt;د جرمني لومړۍ وزیرې انګلا میرکل د کورونا وېروس د بیا خپرېدو د مخنیوي لپاره په ایسټر اختر کې د سخت ټولبندیز پلان لغوه کړ.\r\n\r\nټاکلې وه جرمني پرون د کورونا وېروس د خپرېدو د مخنیوي لپاره محدودیتونه د درې نورو اونیو لپاره اعلان کړي چې ور سره د وېروس د دریمې څپې د ګواښ له امله یې د عیسویانو د ایستر رخصتیو پرمهال تقریبا په بشپړ ډول هرڅه بیا بندېدل.\r\n\r\nد جرمني صدراعظمې انګلا مېرکل د دوشنبې په ورځ د هېواد سیمه ییزو مشرانو سره له خبرو وروسته وویل محدودیتونه به د اپریل تر۱۸مې پورې دوام وکړي، خو د اپرېل له اولې تر پنځمې به دا محدودیتونه ډېر سخت وو.&lt;/p&gt;||&lt;h4&gt;\r\nد محدودیتونو لګولو پلان د سوداګرۍ مشرانو او پوهانو له سختو نیوکو سره مخ وو.&lt;/h4&gt;||&lt;p&gt;\r\nپرون د جرمني صدراعظمې انګلا مېرکل وویل، دا پلان &quot;تېروتنه&quot; بولي او زیاته یې کړه چې له دې پلان د تېرېدلو مسوولیت هم په خپله غاړه اخلي.\r\n\r\nد انګلا مېرکل د ګوند یو مشر ارمین لاسچټ د چارشنبې په ورځ سیمه ییز پارلمان ته وویل، نوي ټولندیز په دا ډول د پلي کېدو وړ نه و.\r\n\r\nانګلا مېرکل هم د چارشنبې په ورځ برلین کې خبریالانو ته وویل: &quot;دا ټول بهیر د نورې بې باورۍ سبب شوی و، له امله یې له ټولو وګړو بښنه غواړم.&quot;\r\n\r\nد هغې په خبره، &quot;د دې ټولبندیز پلي کولو لپاره ښه سببونه هم و، خو دې لنډ وخت کې خورا ښه پلی کېدی نه شو.&quot;\r\n\r\nپه وروستیو اونیو کې په ټوله اروپاکې پر کورونا وېروس د اخته کېدو پېښې مخ په زیاتېدو وې، پداسې حال کې چې د واکسینونو په لېږد کې د ځنډونو سره سره هېوادونو هڅه کوله خپل وګړي واکسین کړي.\r\n\r\nپر ویروس د اخته کسانو شمېر د جرمني په هرو ۱۰۰،۰۰۰ کسانو کې تر ۱۰۰ زیات شویدی. په تېرو ۲۴ ساعتونوکې ۷،۴۸۵ کسان نور هم اخته شویدي او ۲۵۰ تنه یې وژلي دي.&lt;/p&gt;||&lt;h4&gt;\r\nپه نوره اروپا کې څه تېرېږي؟&lt;/h4&gt;||&lt;p&gt;\r\nله بل پلوه، په تېرو ۲۴ ساعتونوکې د فرانسې په روغتونونوکې ۴۷۱ تنه نور ناروغان د جدي پاملرنې په څانګو کې بستري شوی دي ، او ۱۵،۷۹۲ تنه نور پر ویروس باندې اخته شویدي.\r\n\r\nد فرانسې د روغتونونو د ټولنې مشر، فرېدریک والیتو، وايي د اخته کسانو شمېر په بېسارې کچه په ډېرېدو دی او ښايي په راتلونکو دوه درې اونیو کې روغتونونه ډک شي.\r\n\r\nپداسې حال کې ده چې د دنمارک سیاسي مشرانو پریکړه کړې چې خپل هېواد کې د اپریل له شپږمې نېټې وروسته روغتیايي محدودیتونه یوڅه نورهم را کم کړي، نور ماشومان به هم ښونځیو ته ځي او د سلماني دوکانونه به بیا پرانیستل کېږي.\r\n\r\nله بلې خوا د چک په جمهوریت کې چارواکي وايي د کورونا وبا د پېل راهیسې تراوسه هلته ۲۵،۰۰۰ کسانو خپل ژوند له لاسه ورکړی، خو د تېرې اونې په پرتله د اخته کسانوشمېر راټیټ شوېدی.\r\n\r\nد جرمني صدراعظمې انګېلا مېرکل ویلي د کورونا ویروسه هغه ډول چې لومړی په بریتانیا کې موندل شوی و اوس په جرمني کې ډېر خپورشوی دی، او د هغې په خبره یوه نوې وبا یې رامنځته کړې.\r\n\r\nهغه وايی اساسا موږ یو نوی ویروس لرو. دا ویروس ډېر وژونکی دی، ژر خپرېږي او د ډېر وخت لپاره انسان اخته کوي.&lt;/p&gt;||&lt;h4&gt;\r\nډنمارک غواړي چې د کوېډ پاسپورت رامنخته کړی&lt;/h4&gt;||&lt;p&gt;\r\nد ډنمارک چارواکي وړاندیز کوي چې دکورونا پاس په نامه یوډول پاسپورت رامنځته کړي چې په هغې کې به لیکل شوي وي چې درلودونکي یې واکسین کړی که نه.\r\n\r\nپخوا په وېروس اخته شوی یایې په تېرو ۷۲ ساعتونکې معاینه منفي راوتې که څنګه. له ۱۵ کلوعمرنه کم ماشومان به اړ نه وي چې دغه پاسپورټ ولري.\r\n\r\nددې پاسپورټ موخه چې پر موبایل او کاغذ به هم کارول کېږي، داده چې د اړتیا وړ شرایطو پوره کونکي خلک به کولای شي سلماني دوکان، رسټورانټ او یا هم بالاخره سینما ته لاړشي.\r\n\r\nاوسني پلان دادي چې د اپریل له ۱۳مې نه واړه پلورنځي پرانیستل شي او د اپریل له ۲۱مې نه به سترپلورنځي، په ازاده هواکې د خوراک لپاره رستورانټونه او چایخانې پرانیستل کېږي.\r\n\r\nسینماګانې او د سرپتوځایونو رسټورانټونه به د می د میاشتې له ۶مې پرانیستل کېږي.\r\n\r\nد ډنمارک صدراعظم، میتي فرېدیریکسېن، وویل کله چې له ۵۰ کلو نه زیات عمر درلودونکي ټول واکسین شي زیاتره محدودیتونه به لیرې کړی شي. هیله یې درلوده چې دا کاربه د می په میاشت کې ترسره شي.&lt;/p&gt;||', 'Blog_6_JsJCpkvOOZC6zVx0pKCnseQK1C44VxzQ4z6Sk4mgRb9bBdErrRjriHSSYwJ1_1617040787.jpg', 0, '2021-03-29 17:59:47', 'Abdul Basit'),
(16, 'د محدودیتونو لګولو پلان د سوداګرۍ مشرانو او پوهانو له سختو نیوکو سره مخ وو.', 6, '&lt;p&gt;په اروپا کې د واکسین کولو کار پڅ روان دی- د اسراییلو، بریتانیا او امریکا د واکسین کولو په پرتله دېر وروسته پاتې شوی.\r\n\r\nیو علت یې د اکسفورد استرازېنېکا واکسین د لېږدولو ستونزې له امله بلل کېږي- چې اوس دا لانجه د بریتانیا او اروپا ترمنځ د سیاسي ترینګلتیا په مرکز کې ده.\r\n\r\nد اروپايي ټولنې مامورین شکایت کوي چې ددې واکسین دېره برخه اروپايي تولنې دننه نه پاتې کېږی بلکې بریتانیا او نورو هېوادو ته استول کېږي.\r\n\r\nپه همدې مهال، د رویټرز خبري اژانس ویلي هنګري د اروپايي تولنې لومړني هېواد دي چې د یو چینايي واکسین او د استرازېنېکا د هندي واکسین کارول یې تایید کړي.\r\n\r\nد اروپايي ټولنې غړو هېودو ته اجازه ده چې د واکسین جوړونکو هغو شرکتونو سره چې اروپايي تولنې سره یې خانګړي تړونونه ندې لاسلیک کړي، جلا قراردادونه لاسلیک کړي. هنګري همدا اوس چینايي سینوفارم واکسین او د روسيې سپوتنیک واکسین کاروي.\r\n\r\nد اروپايي ټولنې د داروګانو د تنظیم اداره وايي تراوسه یې څلور واکسینونه تایید کړیدي: فایزر-بایونتیک، جانسن او جانسن، مودرنا او استرازېنېکا.&lt;/p&gt;||&lt;p&gt;\r\nد ډنمارک چارواکي وړاندیز کوي چې دکورونا پاس په نامه یوډول پاسپورت رامنځته کړي چې په هغې کې به لیکل شوي وي چې درلودونکي یې واکسین کړی که نه.\r\n\r\nپخوا په وېروس اخته شوی یایې په تېرو ۷۲ ساعتونکې معاینه منفي راوتې که څنګه. له ۱۵ کلوعمرنه کم ماشومان به اړ نه وي چې دغه پاسپورټ ولري.\r\n\r\nددې پاسپورټ موخه چې پر موبایل او کاغذ به هم کارول کېږي، داده چې د اړتیا وړ شرایطو پوره کونکي خلک به کولای شي سلماني دوکان، رسټورانټ او یا هم بالاخره سینما ته لاړشي.\r\n\r\nاوسني پلان دادي چې د اپریل له ۱۳مې نه واړه پلورنځي پرانیستل شي او د اپریل له ۲۱مې نه به سترپلورنځي، په ازاده هواکې د خوراک لپاره رستورانټونه او چایخانې پرانیستل کېږي.\r\n\r\nسینماګانې او د سرپتوځایونو رسټورانټونه به د می د میاشتې له ۶مې پرانیستل کېږي.\r\n\r\nد ډنمارک صدراعظم، میتي فرېدیریکسېن، وویل کله چې له ۵۰ کلو نه زیات عمر درلودونکي ټول واکسین شي زیاتره محدودیتونه به لیرې کړی شي. هیله یې درلوده چې دا کاربه د می په میاشت کې ترسره شي.&lt;/p&gt;||&lt;h4&gt;\r\nډنمارک غواړي چې د کوېډ پاسپورت رامنخته کړی&lt;/h4&gt;||&lt;p&gt;\r\nله بل پلوه، په تېرو ۲۴ ساعتونوکې د فرانسې په روغتونونوکې ۴۷۱ تنه نور ناروغان د جدي پاملرنې په څانګو کې بستري شوی دي ، او ۱۵،۷۹۲ تنه نور پر ویروس باندې اخته شویدي.\r\n\r\nد فرانسې د روغتونونو د ټولنې مشر، فرېدریک والیتو، وايي د اخته کسانو شمېر په بېسارې کچه په ډېرېدو دی او ښايي په راتلونکو دوه درې اونیو کې روغتونونه ډک شي.\r\n\r\nپداسې حال کې ده چې د دنمارک سیاسي مشرانو پریکړه کړې چې خپل هېواد کې د اپریل له شپږمې نېټې وروسته روغتیايي محدودیتونه یوڅه نورهم را کم کړي، نور ماشومان به هم ښونځیو ته ځي او د سلماني دوکانونه به بیا پرانیستل کېږي.\r\n\r\nله بلې خوا د چک په جمهوریت کې چارواکي وايي د کورونا وبا د پېل راهیسې تراوسه هلته ۲۵،۰۰۰ کسانو خپل ژوند له لاسه ورکړی، خو د تېرې اونې په پرتله د اخته کسانوشمېر راټیټ شوېدی.\r\n\r\nد جرمني صدراعظمې انګېلا مېرکل ویلي د کورونا ویروسه هغه ډول چې لومړی په بریتانیا کې موندل شوی و اوس په جرمني کې ډېر خپورشوی دی، او د هغې په خبره یوه نوې وبا یې رامنځته کړې.\r\n\r\nهغه وايی اساسا موږ یو نوی ویروس لرو. دا ویروس ډېر وژونکی دی، ژر خپرېږي او د ډېر وخت لپاره انسان اخته کوي.&lt;/p&gt;||', 'Blog_6_OkdpsX8vHlk1d23Iv9dRIc8hE8maojQYEEA7vaUdm2rzstehmIqKKzbBxsma_1617040957.jpg', 0, '2021-03-29 18:02:37', 'Abdul Basit'),
(17, 'د محدودیتونو لګولو پلان د سوداګرۍ مشرانو او پوهانو له سختو نیوکو سره مخ وو.', 1, '&lt;p&gt;په اروپا کې د واکسین کولو کار پڅ روان دی- د اسراییلو، بریتانیا او امریکا د واکسین کولو په پرتله دېر وروسته پاتې شوی.\r\n\r\nیو علت یې د اکسفورد استرازېنېکا واکسین د لېږدولو ستونزې له امله بلل کېږي- چې اوس دا لانجه د بریتانیا او اروپا ترمنځ د سیاسي ترینګلتیا په مرکز کې ده.\r\n\r\nد اروپايي ټولنې مامورین شکایت کوي چې ددې واکسین دېره برخه اروپايي تولنې دننه نه پاتې کېږی بلکې بریتانیا او نورو هېوادو ته استول کېږي.\r\n\r\nپه همدې مهال، د رویټرز خبري اژانس ویلي هنګري د اروپايي تولنې لومړني هېواد دي چې د یو چینايي واکسین او د استرازېنېکا د هندي واکسین کارول یې تایید کړي.\r\n\r\nد اروپايي ټولنې غړو هېودو ته اجازه ده چې د واکسین جوړونکو هغو شرکتونو سره چې اروپايي تولنې سره یې خانګړي تړونونه ندې لاسلیک کړي، جلا قراردادونه لاسلیک کړي. هنګري همدا اوس چینايي سینوفارم واکسین او د روسيې سپوتنیک واکسین کاروي.\r\n\r\nد اروپايي ټولنې د داروګانو د تنظیم اداره وايي تراوسه یې څلور واکسینونه تایید کړیدي: فایزر-بایونتیک، جانسن او جانسن، مودرنا او استرازېنېکا.&lt;/p&gt;||&lt;p&gt;\r\nد ډنمارک چارواکي وړاندیز کوي چې دکورونا پاس په نامه یوډول پاسپورت رامنځته کړي چې په هغې کې به لیکل شوي وي چې درلودونکي یې واکسین کړی که نه.\r\n\r\nپخوا په وېروس اخته شوی یایې په تېرو ۷۲ ساعتونکې معاینه منفي راوتې که څنګه. له ۱۵ کلوعمرنه کم ماشومان به اړ نه وي چې دغه پاسپورټ ولري.\r\n\r\nددې پاسپورټ موخه چې پر موبایل او کاغذ به هم کارول کېږي، داده چې د اړتیا وړ شرایطو پوره کونکي خلک به کولای شي سلماني دوکان، رسټورانټ او یا هم بالاخره سینما ته لاړشي.\r\n\r\nاوسني پلان دادي چې د اپریل له ۱۳مې نه واړه پلورنځي پرانیستل شي او د اپریل له ۲۱مې نه به سترپلورنځي، په ازاده هواکې د خوراک لپاره رستورانټونه او چایخانې پرانیستل کېږي.\r\n\r\nسینماګانې او د سرپتوځایونو رسټورانټونه به د می د میاشتې له ۶مې پرانیستل کېږي.\r\n\r\nد ډنمارک صدراعظم، میتي فرېدیریکسېن، وویل کله چې له ۵۰ کلو نه زیات عمر درلودونکي ټول واکسین شي زیاتره محدودیتونه به لیرې کړی شي. هیله یې درلوده چې دا کاربه د می په میاشت کې ترسره شي.&lt;/p&gt;||&lt;h4&gt;\r\nډنمارک غواړي چې د کوېډ پاسپورت رامنخته کړی&lt;/h4&gt;||&lt;p&gt;\r\nله بل پلوه، په تېرو ۲۴ ساعتونوکې د فرانسې په روغتونونوکې ۴۷۱ تنه نور ناروغان د جدي پاملرنې په څانګو کې بستري شوی دي ، او ۱۵،۷۹۲ تنه نور پر ویروس باندې اخته شویدي.\r\n\r\nد فرانسې د روغتونونو د ټولنې مشر، فرېدریک والیتو، وايي د اخته کسانو شمېر په بېسارې کچه په ډېرېدو دی او ښايي په راتلونکو دوه درې اونیو کې روغتونونه ډک شي.\r\n\r\nپداسې حال کې ده چې د دنمارک سیاسي مشرانو پریکړه کړې چې خپل هېواد کې د اپریل له شپږمې نېټې وروسته روغتیايي محدودیتونه یوڅه نورهم را کم کړي، نور ماشومان به هم ښونځیو ته ځي او د سلماني دوکانونه به بیا پرانیستل کېږي.\r\n\r\nله بلې خوا د چک په جمهوریت کې چارواکي وايي د کورونا وبا د پېل راهیسې تراوسه هلته ۲۵،۰۰۰ کسانو خپل ژوند له لاسه ورکړی، خو د تېرې اونې په پرتله د اخته کسانوشمېر راټیټ شوېدی.\r\n\r\nد جرمني صدراعظمې انګېلا مېرکل ویلي د کورونا ویروسه هغه ډول چې لومړی په بریتانیا کې موندل شوی و اوس په جرمني کې ډېر خپورشوی دی، او د هغې په خبره یوه نوې وبا یې رامنځته کړې.\r\n\r\nهغه وايی اساسا موږ یو نوی ویروس لرو. دا ویروس ډېر وژونکی دی، ژر خپرېږي او د ډېر وخت لپاره انسان اخته کوي.&lt;/p&gt;||', 'Blog_1_emJ68tGEbzjfg6OciiFyjE2Z68CIY86ALi27vjavuWLPOrXXjcrGYIyN9ALq_1617040974.jpg', 0, '2021-03-29 18:02:55', 'Abdul Basit'),
(18, 'د محدودیتونو لګولو پلان د سوداګرۍ مشرانو او پوهانو له سختو نیوکو سره مخ وو.', 6, '&lt;p&gt;په اروپا کې د واکسین کولو کار پڅ روان دی- د اسراییلو، بریتانیا او امریکا د واکسین کولو په پرتله دېر وروسته پاتې شوی.\r\n\r\nیو علت یې د اکسفورد استرازېنېکا واکسین د لېږدولو ستونزې له امله بلل کېږي- چې اوس دا لانجه د بریتانیا او اروپا ترمنځ د سیاسي ترینګلتیا په مرکز کې ده.\r\n\r\nد اروپايي ټولنې مامورین شکایت کوي چې ددې واکسین دېره برخه اروپايي تولنې دننه نه پاتې کېږی بلکې بریتانیا او نورو هېوادو ته استول کېږي.\r\n\r\nپه همدې مهال، د رویټرز خبري اژانس ویلي هنګري د اروپايي تولنې لومړني هېواد دي چې د یو چینايي واکسین او د استرازېنېکا د هندي واکسین کارول یې تایید کړي.\r\n\r\nد اروپايي ټولنې غړو هېودو ته اجازه ده چې د واکسین جوړونکو هغو شرکتونو سره چې اروپايي تولنې سره یې خانګړي تړونونه ندې لاسلیک کړي، جلا قراردادونه لاسلیک کړي. هنګري همدا اوس چینايي سینوفارم واکسین او د روسيې سپوتنیک واکسین کاروي.\r\n\r\nد اروپايي ټولنې د داروګانو د تنظیم اداره وايي تراوسه یې څلور واکسینونه تایید کړیدي: فایزر-بایونتیک، جانسن او جانسن، مودرنا او استرازېنېکا.&lt;/p&gt;||&lt;p&gt;\r\nد ډنمارک چارواکي وړاندیز کوي چې دکورونا پاس په نامه یوډول پاسپورت رامنځته کړي چې په هغې کې به لیکل شوي وي چې درلودونکي یې واکسین کړی که نه.\r\n\r\nپخوا په وېروس اخته شوی یایې په تېرو ۷۲ ساعتونکې معاینه منفي راوتې که څنګه. له ۱۵ کلوعمرنه کم ماشومان به اړ نه وي چې دغه پاسپورټ ولري.\r\n\r\nددې پاسپورټ موخه چې پر موبایل او کاغذ به هم کارول کېږي، داده چې د اړتیا وړ شرایطو پوره کونکي خلک به کولای شي سلماني دوکان، رسټورانټ او یا هم بالاخره سینما ته لاړشي.\r\n\r\nاوسني پلان دادي چې د اپریل له ۱۳مې نه واړه پلورنځي پرانیستل شي او د اپریل له ۲۱مې نه به سترپلورنځي، په ازاده هواکې د خوراک لپاره رستورانټونه او چایخانې پرانیستل کېږي.\r\n\r\nسینماګانې او د سرپتوځایونو رسټورانټونه به د می د میاشتې له ۶مې پرانیستل کېږي.\r\n\r\nد ډنمارک صدراعظم، میتي فرېدیریکسېن، وویل کله چې له ۵۰ کلو نه زیات عمر درلودونکي ټول واکسین شي زیاتره محدودیتونه به لیرې کړی شي. هیله یې درلوده چې دا کاربه د می په میاشت کې ترسره شي.&lt;/p&gt;||&lt;h4&gt;\r\nډنمارک غواړي چې د کوېډ پاسپورت رامنخته کړی&lt;/h4&gt;||&lt;p&gt;\r\nله بل پلوه، په تېرو ۲۴ ساعتونوکې د فرانسې په روغتونونوکې ۴۷۱ تنه نور ناروغان د جدي پاملرنې په څانګو کې بستري شوی دي ، او ۱۵،۷۹۲ تنه نور پر ویروس باندې اخته شویدي.\r\n\r\nد فرانسې د روغتونونو د ټولنې مشر، فرېدریک والیتو، وايي د اخته کسانو شمېر په بېسارې کچه په ډېرېدو دی او ښايي په راتلونکو دوه درې اونیو کې روغتونونه ډک شي.\r\n\r\nپداسې حال کې ده چې د دنمارک سیاسي مشرانو پریکړه کړې چې خپل هېواد کې د اپریل له شپږمې نېټې وروسته روغتیايي محدودیتونه یوڅه نورهم را کم کړي، نور ماشومان به هم ښونځیو ته ځي او د سلماني دوکانونه به بیا پرانیستل کېږي.\r\n\r\nله بلې خوا د چک په جمهوریت کې چارواکي وايي د کورونا وبا د پېل راهیسې تراوسه هلته ۲۵،۰۰۰ کسانو خپل ژوند له لاسه ورکړی، خو د تېرې اونې په پرتله د اخته کسانوشمېر راټیټ شوېدی.\r\n\r\nد جرمني صدراعظمې انګېلا مېرکل ویلي د کورونا ویروسه هغه ډول چې لومړی په بریتانیا کې موندل شوی و اوس په جرمني کې ډېر خپورشوی دی، او د هغې په خبره یوه نوې وبا یې رامنځته کړې.\r\n\r\nهغه وايی اساسا موږ یو نوی ویروس لرو. دا ویروس ډېر وژونکی دی، ژر خپرېږي او د ډېر وخت لپاره انسان اخته کوي.&lt;/p&gt;||', 'Blog_6_31j0q2U5cqptODms3WhcOtsAIP5wnK1FC4aJWg8j3XGOiktOiJfu1N1pMbyV_1617040995.jpg', 0, '2021-03-29 18:03:15', 'Abdul Basit'),
(19, 'د محدودیتونو لګولو پلان د سوداګرۍ مشرانو او پوهانو له سختو نیوکو سره مخ وو.', 6, '&lt;p&gt;په اروپا کې د واکسین کولو کار پڅ روان دی- د اسراییلو، بریتانیا او امریکا د واکسین کولو په پرتله دېر وروسته پاتې شوی.\r\n\r\nیو علت یې د اکسفورد استرازېنېکا واکسین د لېږدولو ستونزې له امله بلل کېږي- چې اوس دا لانجه د بریتانیا او اروپا ترمنځ د سیاسي ترینګلتیا په مرکز کې ده.\r\n\r\nد اروپايي ټولنې مامورین شکایت کوي چې ددې واکسین دېره برخه اروپايي تولنې دننه نه پاتې کېږی بلکې بریتانیا او نورو هېوادو ته استول کېږي.\r\n\r\nپه همدې مهال، د رویټرز خبري اژانس ویلي هنګري د اروپايي تولنې لومړني هېواد دي چې د یو چینايي واکسین او د استرازېنېکا د هندي واکسین کارول یې تایید کړي.\r\n\r\nد اروپايي ټولنې غړو هېودو ته اجازه ده چې د واکسین جوړونکو هغو شرکتونو سره چې اروپايي تولنې سره یې خانګړي تړونونه ندې لاسلیک کړي، جلا قراردادونه لاسلیک کړي. هنګري همدا اوس چینايي سینوفارم واکسین او د روسيې سپوتنیک واکسین کاروي.\r\n\r\nد اروپايي ټولنې د داروګانو د تنظیم اداره وايي تراوسه یې څلور واکسینونه تایید کړیدي: فایزر-بایونتیک، جانسن او جانسن، مودرنا او استرازېنېکا.&lt;/p&gt;||&lt;p&gt;\r\nد ډنمارک چارواکي وړاندیز کوي چې دکورونا پاس په نامه یوډول پاسپورت رامنځته کړي چې په هغې کې به لیکل شوي وي چې درلودونکي یې واکسین کړی که نه.\r\n\r\nپخوا په وېروس اخته شوی یایې په تېرو ۷۲ ساعتونکې معاینه منفي راوتې که څنګه. له ۱۵ کلوعمرنه کم ماشومان به اړ نه وي چې دغه پاسپورټ ولري.\r\n\r\nددې پاسپورټ موخه چې پر موبایل او کاغذ به هم کارول کېږي، داده چې د اړتیا وړ شرایطو پوره کونکي خلک به کولای شي سلماني دوکان، رسټورانټ او یا هم بالاخره سینما ته لاړشي.\r\n\r\nاوسني پلان دادي چې د اپریل له ۱۳مې نه واړه پلورنځي پرانیستل شي او د اپریل له ۲۱مې نه به سترپلورنځي، په ازاده هواکې د خوراک لپاره رستورانټونه او چایخانې پرانیستل کېږي.\r\n\r\nسینماګانې او د سرپتوځایونو رسټورانټونه به د می د میاشتې له ۶مې پرانیستل کېږي.\r\n\r\nد ډنمارک صدراعظم، میتي فرېدیریکسېن، وویل کله چې له ۵۰ کلو نه زیات عمر درلودونکي ټول واکسین شي زیاتره محدودیتونه به لیرې کړی شي. هیله یې درلوده چې دا کاربه د می په میاشت کې ترسره شي.&lt;/p&gt;||&lt;h4&gt;\r\nډنمارک غواړي چې د کوېډ پاسپورت رامنخته کړی&lt;/h4&gt;||&lt;p&gt;\r\nله بل پلوه، په تېرو ۲۴ ساعتونوکې د فرانسې په روغتونونوکې ۴۷۱ تنه نور ناروغان د جدي پاملرنې په څانګو کې بستري شوی دي ، او ۱۵،۷۹۲ تنه نور پر ویروس باندې اخته شویدي.\r\n\r\nد فرانسې د روغتونونو د ټولنې مشر، فرېدریک والیتو، وايي د اخته کسانو شمېر په بېسارې کچه په ډېرېدو دی او ښايي په راتلونکو دوه درې اونیو کې روغتونونه ډک شي.\r\n\r\nپداسې حال کې ده چې د دنمارک سیاسي مشرانو پریکړه کړې چې خپل هېواد کې د اپریل له شپږمې نېټې وروسته روغتیايي محدودیتونه یوڅه نورهم را کم کړي، نور ماشومان به هم ښونځیو ته ځي او د سلماني دوکانونه به بیا پرانیستل کېږي.\r\n\r\nله بلې خوا د چک په جمهوریت کې چارواکي وايي د کورونا وبا د پېل راهیسې تراوسه هلته ۲۵،۰۰۰ کسانو خپل ژوند له لاسه ورکړی، خو د تېرې اونې په پرتله د اخته کسانوشمېر راټیټ شوېدی.\r\n\r\nد جرمني صدراعظمې انګېلا مېرکل ویلي د کورونا ویروسه هغه ډول چې لومړی په بریتانیا کې موندل شوی و اوس په جرمني کې ډېر خپورشوی دی، او د هغې په خبره یوه نوې وبا یې رامنځته کړې.\r\n\r\nهغه وايی اساسا موږ یو نوی ویروس لرو. دا ویروس ډېر وژونکی دی، ژر خپرېږي او د ډېر وخت لپاره انسان اخته کوي.&lt;/p&gt;||', 'Blog_6_aGaPAgsfQMOPq41mfylSpRB2SvOdwqLkJVIk3n5gDymsgiz0TjlahGy1ATU8_1617041010.jpg', 0, '2021-03-29 18:03:30', 'Abdul Basit'),
(20, 'تایوان کې له پټلۍ د اورګاډي وتلو سره لسګونه کسان ووژل شول', 1, '&lt;h4&gt;په تایوان کې د ریل ګاډي یوه پېښه کې لږ تر لږه ۵۰ کسان وژل شوي دي. دغه ریل ګاډی چې نژدې ۵۰۰ کسان پکې سفر کاوه یوه تونل کې لومړی ټکر شو او وروسته له پټلۍ وغورځېد. &lt;/h4&gt;||&lt;p&gt;\r\nرپوټونو کې ویل شوي د اتو واګنونو لرونکی دغه ریل ګاډی د پټلیو خوندیتوب له هغې نقلیه وسیلې سره ټکر شوی چې د ودانیزو چارو لپاره ترې کار اخیستل کېده او د تونل خوله کې پټلیو ته لوېدلې وه.\r\n\r\nمرستندویان هڅه کوي په تونل کې دننه ایسارو واګنونو ژوندي کسان راوباسي چې یو شمېر یې له کړکیو په وتلو بریالي شوي دي.\r\n\r\nځايي رسنۍ وايي، د اورګاډي چلوونکی هم دې پېښه کې مړ شوی دی.\r\n\r\nدغه اورګاډي له پلازمېنې تایپه تایتونګ ته سپرلۍ لېږدولې چې له پېښې سره مخامخ شو.&lt;/p&gt;||&lt;h4&gt;\r\nد تایوان بېړنیو چارو مرکز وايي، تونل کې څلورو ډبو ته رسېدل سخت دي.&lt;/h4&gt;||&lt;p&gt;\r\nدوی زیاتوي چې ژغورنکي هڅه کوي ایسارو کسانو ته ځانونه ورسوي.\r\n\r\nویل کېږي دا ډبې سختې زیانمنې شوې دي.\r\n\r\nد تایوان ولسمشر تسي اېنګ وین یوهبیان کې ویلي: &quot;د ایسارو کسانو ژغورل زموږ تر ټولو مهم لومړیتوب دی.&quot;\r\n\r\nرپوټونه وایي، لسګونه کسان هغه سیلانیان و چې غوښتل یې د مزار جارو کولو کلنۍ مېله کې ګډون وکړي.\r\n\r\nخواله رسنیو کې انځورونه ښيي چې خلک د پټلۍ ترڅنګ له خپلو بکسو سره روان دي.\r\n\r\nیوې ناپېژندلې او ژغورل شوې ښځې د تایوان ځايي رسنۍ ته ویلي: &quot;ناڅاپه مې جټکه وخوړه او له څوکۍ وغورځېدم.&quot;\r\n\r\nنوموړې زیاتوي: &quot;شیشې مو ماتې کړې، د اورګاډي بام ته وختو چې له دې ځای ووځو.&quot;&lt;/p&gt;||', 'Blog_1_3jIuita5ei7IgHdS6oenkFO97OYtIi4CvE9WCgzLMhmIE6nhoOM2h1IGo73u_1617384914.jpg', 0, '2021-04-02 17:35:14', 'Abdul Basit'),
(23, 'جان پري له خپلو نږورګانو او لمسیانو سره ', 6, '&lt;h4&gt;جان پري له خپلو نږورګانو او لمسیانو سره د خپلو زامنو لار څاري او تېر پنځه کاله یې هره ورځ همداسې تېره شوې ده. &lt;/h4&gt;||&lt;p&gt;\r\nعمر یې شاوخوا ۷۵ کاله او کونډه ده. اوس کور کې د روزۍ ګټلو څوک نه لري او د خلکو په مرسته ژوند تېروي. &lt;/p&gt;||&lt;p&gt;\r\nعمر یې شاوخوا ۷۵ کاله او کونډه ده. اوس کور کې د روزۍ ګټلو څوک نه لري او د خلکو په مرسته ژوند تېروي. &lt;/p&gt;||&lt;p&gt;\r\nعمر یې شاوخوا ۷۵ کاله او کونډه ده. اوس کور کې د روزۍ ګټلو څوک نه لري او د خلکو په مرسته ژوند تېروي. &lt;/p&gt;||&lt;p&gt;\r\nعمر یې شاوخوا ۷۵ کاله او کونډه ده. اوس کور کې د روزۍ ګټلو څوک نه لري او د خلکو په مرسته ژوند تېروي. &lt;/p&gt;||&lt;h4&gt;\r\nد جان پري ټول نادرکه زامن واده کړي او ماشومان هم لري. هغه وايي زامنو یې تر ورکېدو وړاندې مزدوري کوله او دومره څه یې ګټل چې د دوی ورځ پرې تېره شي، خو اوس هر څه ته حیران دي. &lt;/h4&gt;||&lt;p&gt;\r\nپاکستان کې ډېر خلک د عدلي ادارو له ستونزو او قضايي پیچلتیاو ناخبره دي. په ځانګړې توګه هغو نالوستو کلیوالو مېرمنو ته چې په خپل ټول عمر یې محکمې لیدلې هم نه وي، د دوسیو تعقیب او د قضیو پر مخ وړل لا نور هم ستونزمن وي.\r\n\r\nد پېښور عالي محکمه کې د نادرکه کسانو ډېرې عریضې د دغه ایالت د لېرې پرتو او خورا بې وزله سیمو د خلکو دي.&lt;/p&gt;||', 'Blog_2_4JWN4lNVkBCXgXPiPUZujeX2YDMnuRfVJGTzaD5xIJ35uj4qlRlia5cOehos_1618178283.jpg', 0, '2021-04-11 21:58:03', 'Abdul Basit'),
(25, '&quot;زړه ښځه یم، کله د یو او کله د بل په مرسته په دې تمه محکمې ته ورځم چې ښايي دا ځل به مې', 8, '&lt;h4&gt;&quot;زړه ښځه یم، کله د یو او کله د بل په مرسته په دې تمه محکمې ته ورځم چې ښايي دا ځل به مې زامن پیدا شي، خو هر ځل ناهیلې کور ته راستنېږم&quot; دا له ډېرو میندو د یوې خبره ده. &lt;/h4&gt;||&lt;p&gt;\r\n&quot;زړه ښځه یم، کله د یو او کله د بل په مرسته په دې تمه محکمې ته ورځم چې ښايي دا ځل به مې زامن پیدا شي، خو هر ځل ناهیلې کور ته راستنېږم&quot; دا له ډېرو میندو د یوې خبره ده.\r\n\r\nپاکستان کې د نادرکه خلکو شمېر کم نه دی. که یو ځای د چا مېړه ورک دی نو بل ځای بیا د بل پلار نادرکه دی او یا هم د چا زوی. خو په دوی کې یوه داسې مور هم شته چې څلور زامن یې له پنځو کلونو راهیسې تري تم دي.\r\n\r\nجان پري له خپلو نږورګانو او لمسیانو سره د خپلو زامنو لار څاري او تېر پنځه کاله یې هره ورځ همداسې تېره شوې ده.\r\n\r\nعمر یې شاوخوا ۷۵ کاله او کونډه ده. اوس کور کې د روزۍ ګټلو څوک نه لري او د خلکو په مرسته ژوند تېروي.\r\n\r\nد جان پري ټول نادرکه زامن واده کړي او ماشومان هم لري. هغه وايي زامنو یې تر ورکېدو وړاندې مزدوري کوله او دومره څه یې ګټل چې د دوی ورځ پرې تېره شي، خو اوس هر څه ته حیران دي.\r\n\r\nپاکستان کې ډېر خلک د عدلي ادارو له ستونزو او قضايي پیچلتیاو ناخبره دي. په ځانګړې توګه هغو نالوستو کلیوالو مېرمنو ته چې په خپل ټول عمر یې محکمې لیدلې هم نه وي، د دوسیو تعقیب او د قضیو پر مخ وړل لا نور هم ستونزمن وي.\r\n\r\nد پېښور عالي محکمه کې د نادرکه کسانو ډېرې عریضې د دغه ایالت د لېرې پرتو او خورا بې وزله سیمو د خلکو دي. &lt;/p&gt;||', 'Blog_8_zkNJK5w2ghI6P6H4pmO7EZ3zMy2yDjbtJfFFKjTt6JWx3iRnNNlmKg9J5zFe_1618188485.jpg', 0, '2021-04-12 00:48:05', 'Abdul Basit'),
(26, 'ملي مصالحې عالي شورا: د سولې طرحې مسوده بشپړه او رهبرۍ شورا ته وسپارل شوه', 8, '&lt;h4&gt;د افغانستان د روغې جوړې عالي شورا خبر ورکوي چې ځانګړې کومېټې یې د سولې طرحې مسوده له خپل لوري وروستۍ کړې او ورسپارلې یې ده. &lt;/h4&gt;||&lt;p&gt;\r\nد افغانستان د روغې جوړې عالي شورا خبر ورکوي چې ځانګړې کومېټې یې د سولې طرحې مسوده له خپل لوري وروستۍ کړې او ورسپارلې یې ده.\r\n\r\nد دغې شورا ویاند فریدون خوځون وايي، د طرحو د څېړلو په تړاو د کمېټې غړو نن یکشنبه د طرحو د توحید او نظرونو ارزولو د بهیر تر پای ته رسېدو وروسته د سولې اړوند طرحې مسوده په سپېدار ماڼۍ کې د مصالحې شورا مشر عبدالله عبدالله ته وسپارله.\r\n\r\nد ملي مصالحې شورا وایي، ځانګړې کمېټې په وروستۍ ناسته کې هم د طرحې د مسودې پر محتوا بیا کره کتنه کړې.\r\n\r\nد ښاغلي خوځون په وینا په څو ورځو کې به تسلیم شوې مسوده د شورا &quot;رهبرۍ کمېټې ته وړاندې شي او تر پرېکړې وروسته به د افغانستان د اسلامي جمهوریت واحد سند وي چې د ترکیې ناستې ته به وړاندې شي.&quot;\r\n\r\nد روغې جوړې عالي شورا مرستیال، حاجي دین محمد، چې پرون یې له امریکايي استازي، زلمي خلیلزاد، سره ناسته ګډون درلود، بي بي سي ته ویلي، چې د ښاغلي خلیلزاد ډېر ټینګار پر دې و، چې د ترکیې د ناستې لپاره دوی ژر تر ژره خپله طرحه بشپړه کړي.&lt;/p&gt;||', 'Blog_8_QYhcaCpfsf4Kp3Krb4Z5E8b6kHIRJJlWv5b6uTDZxayM7uZe7wqVELbLD6Hz_1618188536.jpg', 0, '2021-04-12 00:48:56', 'Abdul Basit');
INSERT INTO `blog` (`id`, `title`, `cat_id`, `body`, `image`, `view`, `date`, `writer`) VALUES
(27, 'غني: طالبان دې یوه لویه جرګه کې خپل دردونه او وړاندیزونه شریک کړي', 9, '&lt;h4&gt;غني: طالبان دې یوه لویه جرګه کې خپل دردونه او وړاندیزونه شریک کړي&lt;/h4&gt;||&lt;p&gt;\r\nد افغانستان ولسمشر محمد اشرف غني وايي، له جګړې نه سولې ته د لارنقشې لپاره یوې سیاسي هوکړې ته رسېدو، د سولې د یوه حکومت جوړېدو او یوه انتخابي حکومت جوړېدو ته اړتیا لري.\r\n\r\nنوموړي دا څرګندونې د شمالي خلکو هغې غونډې ته په یوه ثبت شوې وینا کې وکړې، چې له جمهوري نظامه د ملاتړ په پار شمالي کې جوړه شوې وه.\r\n\r\nهغه وویل، سوله ګرانې پرېکړې او قرباني غواړي: &quot;موږ سولې ته خپله ژمنتیا ښودلې ده، تل دا اوازې او تورونه وو، چې ولسمشر او مرستیالان چې په هر قېمت وي، خپله دوره بشپړه کړي، ټول ولس او نړۍ ته مو ثابته کړه چې موږ حاضر یو، خپله موده، چې قانوني حق مو دی، د سولې لپاره رالنډه کړو او غواړو چې ژر تر ژره د نړیوالې ټولنې تر نظارت لاندې هر اړخیزې او عادلانه ټاکنې وشي&quot;.\r\n\r\n    خلیلزاد: نړۍ تمه لري د افغانستان اسلامي جمهوریت له یوې طرحې سره د ترکیې غونډه کې ګډون وکړي\r\n    د ملي مصالحې عالي&zwnj; شورا: د سولې د طرحو د ارزولو او توحید چاره بشپړه شوه\r\n    صالح: طالبان هېڅ طرحه نه لري؛ د سولې لپاره سیمه ییز او نړیوال ضمانت غواړو\r\n\r\nده وویل، د افغانستان ۴۲ کلنې جګړې په افغانانو کې تفرقه رامنځ ته کړې، چې په وینا یې اوس چې د تلپاتې سولې راتلو لپاره یو کمیابه فرصت راغلی، ددې وخت دی چې یو او بل ومنو او اختلافونه په مخامخ برو او بحث سره حل کړو:\r\n\r\nولسمشر غني وویل: &quot;د یو بل منل ضروري دي، ځکه زه پر طالبانو ناره کوم، چې راشئ د افغانستان په یوه لویه جرګه کې ګډون وکړئ ، خپل دردونه او خپل وړاندیزونه د افغانستان له ولس سره شریک کړئ چې موږ ټول پوه شو یو او بل ته څه وایو او په دې جرګه کې د خدای جل جلاله په حضور کې یوه ژمنه وکړو چې بیا به هېڅکله ټوپک او تورې ته لاس نه اچوو او خپل اختلافات به د جرګې او مشورې له لارې حل کوو&quot;.\r\n\r\nد روانې سولې د هڅو په تړاو، ولسمشر غني وویل، دی او اداره یې غواړي چې د سولې بهیر چې په هر قېمت وي باید بریالی شي، خو په وینا یې ټول کارونه به یې د اساسي قانون په چوکاټ کې وي.\r\n\r\nامرالله صالح: د طالب بنديانو خوشي کولو تر &quot;ټولو لويه تېروتنه&quot; وه&lt;/p&gt;||', 'Blog_9_CytmfnFlPyigt83G1IdlYwagwXIAyVHQdrKWgcKd2A8Y8nvFVxLrrAG9wikF_1618188577.jpg', 0, '2021-04-12 00:49:37', 'Abdul Basit'),
(28, 'د اېډنبرا شهزاده فېلېپ له دې کبله پراخ درنښت وموند چې تل یې د ملکې الېزابت دوامداره ملاتړ کاوه.', 9, '&lt;p&gt;د اېډنبرا شهزاده فېلېپ له دې کبله پراخ درنښت وموند چې تل یې د ملکې الېزابت دوامداره ملاتړ کاوه.\r\n\r\nدا دنده د هېچا لپاره اسانه نه وه، په تېره بیا د شهزاده فېلېپ لپاره چې په سمندري پوځ کې قومندان و، او پر بېلابېلو مسلو یې قاطع نظر درلود.\r\n\r\nخو دی د خپل پياوړي شخصیت له برکته وتوانېده چې خپله دنده په اغېزمنه توګه ترسره کړي او د زړه له تله د خپلې مېرمنې، یعنې ملکې الېزابت ملاتړ وکړي.\r\n\r\nدی د یوې ښځینه ټولواکې د ژوند ملګری و، په اساسي قانون کې ورته کوم رول نه و ځانګړی شوی. خو ملکې ته تر هر چا نژدې و، او تر هر چا ورته دېر مهم و.\r\n\r\nفېلېپ د ۱۹۲۱ کال د جون پر لسمه نېټه د کورفو په ټاپو کې، د یونان د شهزاده له لقب سره وزېږېد.\r\n\r\nپر زېږندپاڼه یې د زېږېدو نېټه د می د میاشتې ۲۸مه لیکل شوې. خو دا ځکه ده چې یونان هغه وخت جارجیایي کلیز نه و خپل کړی.\r\n\r\nپلار یې د یونان شهزاده انډریو و، چې د هیلینیز د پاچا جورج &quot;لومړي&quot; کشر زوی و.\r\n\r\nمور یې د باتېنبرګ شهزادګۍ الېس وه. الېس د باتېنبرګ د شهزاده لوییز مشره لور وه. د الېس مور او د شهزاده فېلېپ نیا د برما د شهزاده ماونټ باټن خور وه.\r\n\r\nپه ۱۹۲۲ کال کې په یونان کې کودتا وشوه او د انقلابیانو یوې ځانګړې محکمې د شهزاده فېلېپ پلار، یعنی پاچا &lt;/p&gt;||', 'Blog_9_vRUrlyLMHFXZfAFBCwmvDQWJtZoYYrtFzpEfKo6n4e3EGLkApfK7WSSZ03Hx_1618188612.jpg', 0, '2021-04-12 00:50:12', 'Abdul Basit'),
(29, 'د بریتانیا شاهي کورنۍ کې څوک شامل دي او د پاچاهۍ سلسله څنګه دوام کوي؟', 10, '&lt;p&gt;د اډنبرا ډیوک شهزاده فېلپ د جمعې پر ورځ د ۹۹ کالو په عمر مړ شو. شهزاده فېلپ تر ۷۳ کالو پورې د بریتانیا ملکې د ژوند ملګری و او په دې توګه دوی دواړه د بریتانیا په تاریخ کې تر ټولو ډېره موده د شاهي جوړې په توګه پاتې شول.\r\nد بریتانیا شاهي کورنۍ کې څوک شامل دي؟\r\n\r\nملکه الېزابت دویمه، په ۱۹۵۲ کال کې د خپل پلار جارج شپږم له مړینې راهیسې د بریتانیا ملکه ده. ملکه تر ۱۵ د ډېرو ټولګټو هېوادونو مشري هم کوي. شهزاده فېلپ او د بریتانیا ملکه څلور اولادونه، اته لمسي، لمسۍ او نهه کړوسي، کړوسۍ لري.\r\nد شاهي کورنۍ نور غړي&lt;/p&gt;||', 'Blog_10_mssMdwYAZLkgrgGjt1nH6kOJJRjzWt8fREdVkVvlFPsUg35zeOHxkUHOcjOS_1618188663.jpg', 0, '2021-04-12 00:51:03', 'Abdul Basit'),
(30, 'د بریتانیا شاهي کورنۍ کې څوک شامل دي او د پاچاهۍ سلسله څنګه دوام کوي؟', 10, '&lt;p&gt;د اډنبرا ډیوک شهزاده فېلپ د جمعې پر ورځ د ۹۹ کالو په عمر مړ شو. شهزاده فېلپ تر ۷۳ کالو پورې د بریتانیا ملکې د ژوند ملګری و او په دې توګه دوی دواړه د بریتانیا په تاریخ کې تر ټولو ډېره موده د شاهي جوړې په توګه پاتې شول.\r\nد بریتانیا شاهي کورنۍ کې څوک شامل دي؟\r\n\r\nملکه الېزابت دویمه، په ۱۹۵۲ کال کې د خپل پلار جارج شپږم له مړینې راهیسې د بریتانیا ملکه ده. ملکه تر ۱۵ د ډېرو ټولګټو هېوادونو مشري هم کوي. شهزاده فېلپ او د بریتانیا ملکه څلور اولادونه، اته لمسي، لمسۍ او نهه کړوسي، کړوسۍ لري.\r\nد شاهي کورنۍ نور غړي&lt;/p&gt;||', 'Blog_10_rMZ7zGU9TmhAdZxcy7ljaMsgMwRwKdQBHlS47jc5YZUduT9pryV955zSxCR4_1618188695.jpg', 0, '2021-04-12 00:51:35', 'Abdul Basit'),
(31, 'په بریتانیا کې د شهزاده فېلپ د یاد مراسم کېږي. بریتانیا اعلان کړی چې یوه اوونۍ به ملي ماتم وي. د ملکې دویمې الېزابت مېړه شهزاده فېلپ د جمعې پر ورځ د ۹', 10, '&lt;p&gt; لایق پېژندنه\r\n\r\nغلام مجدد سيلمان لايق، سږکال ۹۰ کلن شو. هر هغه چا چې په ژوند کې یې يو ځل هم سيلمان لايق ليدلى وي، هغه هېرولى نه شي.\r\n\r\nلايق لا په تنکۍ ځوانۍ کې، د يوه ټولنيز تکل، د يوې ډله ييزې تگ لارې، د يوه ژغورنيز غورځنګ او د يو ګډ ارمان، هيلې لرلې. هغه په شعر کې هم هڅه کوله، دغه تکل او لارې ته نور هم راوبولي:\r\nملګرو ته\r\n\r\nنه وځي له خولې نه مې بې ساهه ترانه\r\n\r\nشرم د ساقي دی بې شرابو پيمانه\r\n\r\nزه په دې تيارې کې يوې رڼا ته منتظر وم\r\n\r\nاوس به ياران وګوري مستي د ديوانه&lt;/p&gt;||', 'Blog_10_JuJ3l0B8pDCpI2KUIOHJju3MUzfuukrdJGV7MNlNsnLzMrBSt59AaKj2xIdF_1618188742.jpg', 0, '2021-04-12 00:52:22', 'Abdul Basit'),
(32, 'د بریتانیا شاهي کورنۍ کې څوک شامل دي او د پاچاهۍ سلسله څنګه دوام کوي؟', 11, '&lt;p&gt;د اډنبرا ډیوک شهزاده فېلپ د جمعې پر ورځ د ۹۹ کالو په عمر مړ شو. شهزاده فېلپ تر ۷۳ کالو پورې د بریتانیا ملکې د ژوند ملګری و او په دې توګه دوی دواړه د بریتانیا په تاریخ کې تر ټولو ډېره موده د شاهي جوړې په توګه پاتې شول.\r\nد بریتانیا شاهي کورنۍ کې څوک شامل دي؟\r\n\r\nملکه الېزابت دویمه، په ۱۹۵۲ کال کې د خپل پلار جارج شپږم له مړینې راهیسې د بریتانیا ملکه ده. ملکه تر ۱۵ د ډېرو ټولګټو هېوادونو مشري هم کوي. شهزاده فېلپ او د بریتانیا ملکه څلور اولادونه، اته لمسي، لمسۍ او نهه کړوسي، کړوسۍ لري.\r\nد شاهي کورنۍ نور غړي&lt;/p&gt;||', 'Blog_11_9iCwmrpBktRaFkHWqqL9ZH9wnHMqKfYRRuSjpfAG5H1i3bPrRR6tSiTnyFqf_1618188771.jpg', 0, '2021-04-12 00:52:51', 'Abdul Basit'),
(33, 'د بریتانیا د ملکې الېزابت مېړه،‌ شهزاده فېلپ د ۹۹ کالو په عمر مړ شو', 11, '&lt;p&gt;د بریتانیا شاهي&zwnj; ماڼۍ اعلان کړی چې د ملکې الېزابت مېړه، شهزاده فېلپ، د ۹۹ کالو په عمر نن جمعه سهار مړ شو.&zwnj;\r\n\r\nشهزاده فېلپ په ۱۹۴۷ کې له الېزابت سره واده وکړ،&zwnj; او نوموړې پنځه کاله وروسته ملکه شوه.&zwnj; دی د بریتانیا په تاریخ کې د تر ټولو اوږدې مودې لپاره د ټولواکې یا ملکې خاوند پاتې شو.\r\n\r\nبکنګهم ماڼۍ په دې تړاو یوه خبرپاڼه کې ویلي: &quot;ملکه په ژورې خواشینۍ اعلان کوي چې ګران مېړه يې د اېډنبرا ډیوک شهزاده فېلپ، مړ شوی دی. شهزاده فېلپ نن سهار په وینزر ماڼۍ کې ومړ. نور اعلان به په مناسب وخت کې وشي. شاهي کورنۍ د نړۍ په لروبر کې له خلکو سره په دې وير کې شریکه ده.&quot;.\r\n\r\nملکې الېزابت او شهزاده فېلپ څلور اولادونه، اته لمسیان/ لمسیانې او لس کړوسیان/ کړوسیانې درلودې.\r\nله اوږدې ناروغۍ وروسته مړینه\r\n\r\nشهزاده فېلپ د روان میلادي کال په لومړیو کې د روغتیایي وضعیت خرابېدو له کبله روغتون کې بستر شوږ. نوموړی یوه میاشت روغتون کې و او بلاخره تېره می میاشت کې رخصت شو.\r\n\r\nنوموړی د لندن په سېنټ بارتولومیوز روغتون کې هم د زړه د تکلیف له کبله له څه مودې راهیسې تر درملنې لاندې و.\r\n\r\nد بریتانیا لومړي وزیر بورېس جانس د شهزاده فېلپ پر مړینه خواشیني وښوده او زیاته یې کړه چې نوموړی د بې شمېره ځوانانو لپاره یو الهام بښونکی کس و.\r\n\r\nښاغلي جانسن وویل، شهزاده فېلپ د بریتانیا شاهي کورنۍ ثبات او د دې هېواد ملي ژوند او خوشحالۍ لپاره هلې ځلې وکړې.\r\n\r\nد سکاټلنډ لومړۍ وزییرې نېکولا سټرجن هم د شهزاده فېلپ پر مړینه خواشیني وښوده.\r\n\r\nنوموړې په یوه ټویټ کې د سکاټنلډ د حکومت او خلکو په استازیتوب له ملکې الېزابت او د بریتانیا شاهي کورنۍ سره غمرازي کړې ده. &lt;/p&gt;||', 'Blog_11_mfVp0tyrmkGcaeHf5XvwhD3qOIURspfC6Iy2t8cb1xrLzH0KTf8wQTrKEoZE_1618188810.jpg', 0, '2021-04-12 00:53:30', 'Abdul Basit'),
(34, 'د بریتانیا لومړي وزیر بورېس جانس د شهزاده فېلپ پر مړینه خواشیني وښوده او زیاته یې کړه چې نوموړی د بې شمېره ځوانانو لپاره یو الهام بښونکی کس و.', 11, '&lt;p&gt;د بریتانیا شاهي&zwnj; ماڼۍ اعلان کړی چې د ملکې الېزابت مېړه، شهزاده فېلپ، د ۹۹ کالو په عمر نن جمعه سهار مړ شو.&zwnj;\r\n\r\nشهزاده فېلپ په ۱۹۴۷ کې له الېزابت سره واده وکړ،&zwnj; او نوموړې پنځه کاله وروسته ملکه شوه.&zwnj; دی د بریتانیا په تاریخ کې د تر ټولو اوږدې مودې لپاره د ټولواکې یا ملکې خاوند پاتې شو.\r\n\r\nبکنګهم ماڼۍ په دې تړاو یوه خبرپاڼه کې ویلي: &quot;ملکه په ژورې خواشینۍ اعلان کوي چې ګران مېړه يې د اېډنبرا ډیوک شهزاده فېلپ، مړ شوی دی. شهزاده فېلپ نن سهار په وینزر ماڼۍ کې ومړ. نور اعلان به په مناسب وخت کې وشي. شاهي کورنۍ د نړۍ په لروبر کې له خلکو سره په دې وير کې شریکه ده.&quot;.\r\n\r\nملکې الېزابت او شهزاده فېلپ څلور اولادونه، اته لمسیان/ لمسیانې او لس کړوسیان/ کړوسیانې درلودې.\r\nله اوږدې ناروغۍ وروسته مړینه\r\n\r\nشهزاده فېلپ د روان میلادي کال په لومړیو کې د روغتیایي وضعیت خرابېدو له کبله روغتون کې بستر شوږ. نوموړی یوه میاشت روغتون کې و او بلاخره تېره می میاشت کې رخصت شو.\r\n\r\nنوموړی د لندن په سېنټ بارتولومیوز روغتون کې هم د زړه د تکلیف له کبله له څه مودې راهیسې تر درملنې لاندې و.\r\n\r\nد بریتانیا لومړي وزیر بورېس جانس د شهزاده فېلپ پر مړینه خواشیني وښوده او زیاته یې کړه چې نوموړی د بې شمېره ځوانانو لپاره یو الهام بښونکی کس و.\r\n\r\nښاغلي جانسن وویل، شهزاده فېلپ د بریتانیا شاهي کورنۍ ثبات او د دې هېواد ملي ژوند او خوشحالۍ لپاره هلې ځلې وکړې.\r\n\r\nد سکاټلنډ لومړۍ وزییرې نېکولا سټرجن هم د شهزاده فېلپ پر مړینه خواشیني وښوده.\r\n\r\nنوموړې په یوه ټویټ کې د سکاټنلډ د حکومت او خلکو په استازیتوب له ملکې الېزابت او د بریتانیا شاهي کورنۍ سره غمرازي کړې ده. &lt;/p&gt;||', 'Blog_11_A0SGjpnt6LHnHMDaxibvwpu25B6uxE6mNtC9aUUKI1EV1Oa2EwO2zNyXuHvT_1618188839.jpg', 0, '2021-04-12 00:54:00', 'Abdul Basit'),
(35, 'هند کې د کورونا وېروونکې څونامي؛ خلک د مړو سیځلو او ښخولو ته نوبت نیسي', 2, '&lt;p&gt;هند کې د کورونا وېروس د دویمې څپې پر مهال مړینې وحشتناکې کچې ته رسېدلې دي. رپوټونه دا دي چې خلک اوس د خپلو مړو شویو خپلوانو د اجسادو سیځلو او یا خاورو ته سپارلو لپاره نوبت کې انتظار باسي.\r\n\r\nهند د کورونا د دوېیمې مرګونې څپې پر مهال له برازیل پښه اړولې او اوس نړۍ کې تر امریکا وروسته ددغه وېروس له اړخه دوېیم ځپل شوی هېواد دی.\r\n\r\nد هند لروبر کې د کورونا څونامي خپره ده او روغتونونه ناروغانو ته رسېدو کې له ستونزو سره مخامخ دي.\r\n\r\nدغه هېواد کې د کورونا له اړخه د مړینو ورځې کچه نږدې زر تنو ته رسېدلې ده.&lt;/p&gt;||', 'Blog_2_vwnOA8J7WJJ5mGdVS9WWdtqZOZMygPSt0a1VgMWztG9Uu2FIkak1uV8sV2vG_1619303639.jpg', 0, '2021-04-24 22:33:59', 'Salman Khan');

-- --------------------------------------------------------

--
-- Table structure for table `blog_cat`
--

CREATE TABLE `blog_cat` (
  `id` int(11) NOT NULL,
  `name` varchar(100) DEFAULT NULL
) ENGINE=InnoDB DEFAULT CHARSET=utf8mb4;

--
-- Dumping data for table `blog_cat`
--

INSERT INTO `blog_cat` (`id`, `name`) VALUES
(1, 'General'),
(10, 'اعلامیې'),
(9, 'تبصرې'),
(3, 'توره بوړه پیژندنه'),
(8, 'دورځې خبره'),
(5, 'له الاماره څخه'),
(2, 'نظرپوښتنه او پیغامونه'),
(6, 'ځانګړی راپور'),
(11, 'څرګندونې');

-- --------------------------------------------------------

--
-- Table structure for table `blog_comment`
--

CREATE TABLE `blog_comment` (
  `id` int(11) NOT NULL,
  `name` varchar(50) DEFAULT NULL,
  `email` varchar(30) DEFAULT NULL,
  `comment` varchar(255) DEFAULT NULL,
  `blog_id` int(11) DEFAULT NULL,
  `date` date NOT NULL DEFAULT current_timestamp(),
  `status` int(1) NOT NULL DEFAULT 0 COMMENT '0 pending 1 approved'
) ENGINE=InnoDB DEFAULT CHARSET=utf8mb4;

--
-- Dumping data for table `blog_comment`
--

INSERT INTO `blog_comment` (`id`, `name`, `email`, `comment`, `blog_id`, `date`, `status`) VALUES
(5, 'Abdul', 'tcomrprog@gmail.com', 'kjasdlkfjlkasdf', 3, '2021-04-02', 0),
(6, 'Abdul', 'tcomrprog@gmail.com', 'kjasdlkfjlkasdf', 3, '2021-04-02', 0),
(7, 'Abdul', 'tcomrprog@gmail.com', 'Testing Email', 20, '2021-04-11', 1);

-- --------------------------------------------------------

--
-- Table structure for table `city`
--

CREATE TABLE `city` (
  `id` int(11) NOT NULL,
  `name` varchar(70) DEFAULT NULL
) ENGINE=InnoDB DEFAULT CHARSET=utf8mb4;

--
-- Dumping data for table `city`
--

INSERT INTO `city` (`id`, `name`) VALUES
(6, 'Islamabad'),
(5, 'Karachi'),
(4, 'Lahore'),
(1, 'None'),
(3, 'Peshawar');

-- --------------------------------------------------------

--
-- Table structure for table `company_info`
--

CREATE TABLE `company_info` (
  `id` int(11) NOT NULL,
  `name` varchar(100) DEFAULT NULL,
  `email` varchar(50) DEFAULT NULL,
  `address` varchar(120) DEFAULT NULL,
  `mobile` varchar(15) DEFAULT NULL
) ENGINE=InnoDB DEFAULT CHARSET=utf8mb4;

--
-- Dumping data for table `company_info`
--

INSERT INTO `company_info` (`id`, `name`, `email`, `address`, `mobile`) VALUES
(1, 'توره بوړه وېبپاڼه', 'torabaranews@gmail.com', 'ABC University Road Peshawar, KPK Pakistan', '03059235079');

-- --------------------------------------------------------

--
-- Table structure for table `contact`
--

CREATE TABLE `contact` (
  `id` int(11) NOT NULL,
  `name` varchar(60) DEFAULT NULL,
  `email` varchar(30) DEFAULT NULL,
  `subject` varchar(120) DEFAULT NULL,
  `message` text DEFAULT NULL,
  `status` int(1) NOT NULL DEFAULT 1 COMMENT '1 un replay 0 replayed'
) ENGINE=InnoDB DEFAULT CHARSET=utf8mb4;

--
-- Dumping data for table `contact`
--

INSERT INTO `contact` (`id`, `name`, `email`, `subject`, `message`, `status`) VALUES
(4, 'Abdul Basit', 'tcomrprog@gmail.com', 'Testing', 'Message.....', 1),
(5, 'Abdul Basit', 'tcomrprog@gmail.com', NULL, 'Hello How are', 1);

-- --------------------------------------------------------

--
-- Table structure for table `news`
--

CREATE TABLE `news` (
  `id` int(11) NOT NULL,
  `title` varchar(255) DEFAULT NULL,
  `news_cat` int(11) DEFAULT NULL,
  `news_type` int(11) DEFAULT NULL COMMENT '0 for news and 1 for headline',
  `location_id` int(11) DEFAULT NULL,
  `des` longtext DEFAULT NULL,
  `image` varchar(255) DEFAULT NULL,
  `date` timestamp NOT NULL DEFAULT current_timestamp(),
  `view` int(11) NOT NULL DEFAULT 0
) ENGINE=InnoDB DEFAULT CHARSET=utf8mb4;

--
-- Dumping data for table `news`
--

INSERT INTO `news` (`id`, `title`, `news_cat`, `news_type`, `location_id`, `des`, `image`, `date`, `view`) VALUES
(1, 'د مومیايي واکمنانو لېږد؛ د مصر لرغوني مومیايي واکمنان د قاهرې له واټونو تېرېږي', 2, 1, 3, '&lt;h4&gt;تمه ده د مصر پلازمېنه قاهره کې ګڼ شمېر کسان د دې لپاره واټونو ته راووځي چې د دغه ښار له منځه د مصر د لرغونو واکمنانو د مومیایانو لېږد له نږدې وګوري. &lt;/h4&gt;||&lt;p&gt;\r\nپه دې پرتمینه څو میلیون ډالري ننداره کې به د مصر د اتلسو لرغونو (فرعوني) واکمنانو او څلورو ملکو ۲۲ مومیايي شوي تابوتونه د مصر له نوي شفتالو رنګه کلاسیک موزیم څخه ۵ کیلو متره هاخوا خپله نوي ځای ته ولېږدول شي.\r\n\r\nد دغو واکمنانو مومیایان به د دوی سلطنتي پښت او د مصر د ملي شتمنۍ په توګه د دوی له ارزښت سره سم په ټینګو امنیتي تدابیرو کې د مصر د تمدن نوي ملي موزیم ته ولېږدول شي.\r\n\r\nد لرغونو مصري واکمنانو د لېږد دغو مراسمو ته د &quot;زرین فراعنه پریډ&quot; نوم ورکړ شوی.\r\n\r\nدوی به د خپلې واکمنۍ د وخت د ترتیب له مخې د اوولسمې لړۍ د واکمن \'دویم سېقنېن رې تاعا\' رانیولې تر \'نهم رامسېس\' پورې چې له مېلاد ۱۲ پېړۍ وړاندې یې حکومت کاوه، په پوره شور او لېوالتیا ولېږدول شي.\r\n\r\nمصر یو کال وړاندې د کوویډ-۱۹ وبا د چټکې خپرېدا شاهد و، خو د مثبتو پېښو او مړینو د شمېر له کمېدو وروسته پرانیستې فضا کې په غونډو او راټولېدو لګېدلی بندیز پورته شو. &lt;/p&gt;||', 'News_2_mJ03YQMenYIUd6hpphubkH2MXg98zU3noisi4SucY6xx4EIQt8tcPUErhigG_1617488413__tbLmyUPDg7q6ihuBEF1UweUXLbUKAholyZLyuuo5t8WxgEf1L5CShGGoQWE4_1617488413.jpg', '2021-04-03 22:20:13', 4),
(2, '&quot;اوبر شرکت باید نابینا ښځې ته ۱۱ لکه ډالر جریمه ورکړي&quot;', 5, 1, 4, '&lt;h4&gt;امریکايي محکمې اوبر شرکت له دې کبله ۱۱ لکه ډالره جریمه کړی چې د یوې ړندې ښځې لېږدول یې ۱۴ ځله رد کړي دي. &lt;/h4&gt;||&lt;p&gt;\r\nد اوبر یوه چلوونکي مخکې له دې چې دا ړنده ښځه خپل منزل ته ورسوي، په نیمه لار کې کوزه کړې ده او ورته ویلي یې دي چې خپل منزل ته رسېدلې ده.\r\n\r\nیوه خپلواک حَکَم ویلي: &quot;د اوبر چلوونکو د یوې ړندې ښځې پر وړاندې د قانون مخالفت کړی دی&quot;.\r\n\r\nمحکمې د اوبر شرکت هغه ادعا رد کړه چې وايي &quot;د خپلو چلوونکو د کړنو مسؤل نه دی، هغوی د قرارداد له مخې چلن کوي او د اوبر کارمنان نه دي&quot;.\r\n\r\nد سن فرانسیسکو اوسېدونکې اغلې ایفینګ ویلي، وروسته تر هغه چې څو ځله د شپې ناوخته یې په نیمه لار کې پرېښې ده، د خپل امنیت په اړه ډېره اندېښمنه وه.&zwnj;\r\n\r\nدې ادعا کړې چې څو ځله د اوبر چلوونکو هغه خپل کار ته له ناوخته رسېدو سره مخامخ کړې ده،&zwnj; همدا وه چې له دندې هم ګوښه کړل شوه.\r\n&lt;/p&gt;||&lt;h4&gt;\r\nکه څه هم د اوبر له چلوونکو څو ځلې شکایتونه شوي، خو دوی پخپلو کړنو کې بدلون نه دی راوستی.&zwnj;&lt;/h4&gt;||&lt;p&gt;\r\nد ایرفینګ یوه ویاند ویلي: &quot;ټول امریکایان باید د ګاډو د کرایې کولو د انقلاب له کبله د ازادۍ احساس وکړي، تر جوړو انسانانو معلولیت لرونکي کسان باید ډېره ګټه واخلي. د امریکا د معلولانو د قانون له مخې، له ړانده انسان سره د هغه سپی هم باید هر ځای چې وغواړي یووړل شي&quot;.\r\n\r\nد محکمې تر حکم صادرېدو وروسته د اوبر شرکت یوه ویناپاڼه کې راغلي، چې دا شرکت نابینا کسانو ته د خدمت په وړاندې کولو کې پر خپلو مرستو ویاړي.\r\n\r\nویناپاڼه زیاتوي: &quot;هغه چلوونکي چې د اوبر کاریال کاروي، باید د حیواناتو په ملتیا د تلونکو مسافرو خدمت وکړي او په دې اړه ځانګړي قوانین پلی کړي&quot;.\r\n\r\nدا لومړی ځل نه دی چې یو نابینا انسان د اوبر شرکت شکایت کوي، په ۲۰۱۴ کال کې هم د نابینا کسانو ملي ټولنې د دغه شرکت پرضد د لارښودونکو سپیو د اړوندو قوانینو له کبله خپله قضیه راپورته کړه.&zwnj;\r\n\r\nپه ۲۰۱۷ کال کې دا قضیه هغه مهال حل شوه، چې اوبر شرکت د لارښودو سپیو لرونکو کسانو د چوپړ اړوند قوانینو د تطبیق په تړاو خپلو چلوونکو ته تنبیه ورکړه.&zwnj;\r\n\r\nایرفینګ &quot;سن فرانسیسکو کرونیکل&quot; ورځپاڼې ته ویلي: &quot;افسوس کوم چې کارونه تر دې حده رارسېدلي. هیله مې لرله د مدني حقونو درناوی به مې وشي، خو حکم یو داسې قوي پیغام واستاوه چې ګنې څه چې پېښ شوي هغه د نه منلو وړ دي&quot;. &lt;/p&gt;||', 'News_5_MBG2AVAj9FRhzhKh9CrCEmkQfsuBTsp3n2RKcV1YW8ld8fvBZktf2w4vZcYG_1617488486__tQq5KuCnAEjYfXMQMhG31cjdwI4mHykpM2MFKRTXIksY7d7FAVXkpDDBIi0c_1617488486.jpg', '2021-04-03 22:21:26', 3),
(3, 'کندهار: د سولې خپلمنځي تړون په اړه نظرونه', 4, 1, 3, '&lt;p&gt;افغان طالبانو او امریکا نن شنبه د فبرورۍ پر ۲۹مه نېټه د قطر په پلازمینه دوحه کې د ګڼ شمېر هېوادونو او نړیوالو بنسټونو د استازو په ګډون په یوه لویه غونډه کې د افغان سولې په تړاو خپلمنځي هوکړه لاسلیک کړه.\r\n\r\nد امريکا او طالبانو خپلمنځي هوکړې ته ګڼ افغانان هيله من دي او دا په افغانستان کې د سولې راوستلو لپاره يو ګام بولي.\r\n\r\nد کندهار ځينو خلکو د سولې په اړه زموږ له خبريال مامون دراني سره خپل نظرونه شريک کړي دي.&lt;/p&gt;||', 'News_4_ZkaZd7K6ho0JZWEKnueQ1qQo0zKYp96woIbytOYC8pjTAnChTJPU4dWX1iX7_1617488630__m5mYsKDmem3IIC5jk5uJQ24rZs93wW79yr1YGlflU3Z7ptq5Qhbtw1qPDrDa_1617488630.jpg', '2021-04-03 22:23:50', 6),
(5, 'حکمتیار: هیله لرو د ترکیې غونډه کې موږ او طالبان یو دریځ ولرو', 2, 1, 1, '&lt;p&gt;د افغانستان اسلامي حزب مشر ګلبدین حکمتیار وايي، د مسکو د ناستې مهم لاسته راوړنه دا وه چې د حزب او طالبانو په لوړه کچه خبرې وشوې.\r\n\r\nښاغلي حکمتیار دا خبره د جمعې په ورځ پلازمېنه کابل کې د خپلو پلویانو مظاهره کې وکړه.\r\n\r\nنوموړي مسکو کې د تېر مارچ پر ۱۸ د افغان سولې بهیر ناستې په ترڅ کې د طالبانو له مرستیال مشر سره لیدنه خورا لوړه وبلله:\r\n\r\n&quot;زه له دې ناستې راضي یم او له خپل انتظار مې هم اوچته موندلې. &quot;\r\n\r\nګلبدین حکمتیار روانه میاشت ترکیه کې جوړېدونکي غونډې ته په اشاره هیله وښوده چې دې ناسته کې دواړه ډلې(حزب او طالبان) واحد دریځ ولري: &quot;بلکې نور هم وهڅوو چې د افغان کشالې په هکله خپل اختلافات ختم او ګډ دریځ غوره کړي. &quot;\r\n\r\nنوموړي نننیو خبرو کې هیله وښوده چې بهرني ځواکونه له افغانستان وتلي وي، سوله ټینګه شوې وي: &quot;او دا حکومت په داسې حکومت بدل شوی وي چې ټول ملت ته د منلو وړ وي.&quot;\r\n\r\nطالبان هم د دوحې تړون له مخې د بهرنیو ځواکونو وتل او د دوی په خبره، داسې اسلامي حکومت غواړي چې امریکا ور سره په تړون کې منلی دی.&lt;/p&gt;||', 'News_2_GNaJQPSyBO82CDDbgy8DLV2Ef9HwgQLFFLGx9fx9F9js2yZ97LT0QVuLoP6I_1617488763__XTonxMflinHLOdUj1cC2s0UP26gyrryzG72mbSEj43RbJ2a9Y6SYg5h7NVj9_1617488763.jpg', '2021-04-03 22:26:03', 7),
(6, 'اکیتو؛ د بشریت تاریخ کې تر ټولو لرغونی ساتل شوی اختر', 4, 1, 3, '&lt;p&gt;&quot;اکیتو&quot;، یا د بابل اشوریانو د کال پیل، د انسان په تاریخ کې تر ټولو لرغونی اختر دی چې تر ننه هر کال د اپرېل میاشتې لومړیو کې لمانځل کېږي.\r\n\r\nد سوریې شمال ختیځ الحسکه ولایت په القحطانیه سیمه کې اشوریان په دې اختر کې راغونډ شوي، دوی خپلې دودیزې جامې اغوندي او د بین النهرین د لرغونوي کلتور پربنسټ د ۶۷۷۱ کال پیل لمانځي.&lt;/p&gt;||&lt;p&gt;\r\nکه څه هم دا خلک اوس د مسیحیت پیروان دي، خو لاهم د خپلو اجدادو پر دودونو ټینګ ولاړ دي.\r\n\r\nپسرلي کې د نوروز په څېر د نورو مېلو سربېره، مصریان، عراق او سوریه کې اشوریانو، کلدان او سریان خپل بابلي، سامري، اکادي او کلداني لرغوني تمدنونه ساتلي دي.&lt;/p&gt;||&lt;p&gt;\r\nپه سوریه او عراق کې لرغونو ولسونو د طبیعت د ګردش (کرنې او محصول) په نامه مېلې لرلې.\r\n\r\nتاریخپوهان د اکیتو توري د دقیقې معنا په اړه اختلاف لري، عراقي څېړونکي خزعل الماجدي ویلي، دا توری ځمکې ته د اوبو د نژدې کېدو په معنا دی، خو نورو بیا ویلي چې د دانې د زرغونېدو په معنا دی. &lt;/p&gt;||', 'News_4_razi9ClhsMvRMHSyhq3tzGLQvnxRcEPgJ4Zu3p0EIPXXOFAShEVbMvPlzFKa_1617488820__VmR8zLL13Ee9xxO38hUmMXJsko1AaDIMLGJVJP8BHvo878CEB44pJV0iLYYQ_1617488820.jpg', '2021-04-03 22:27:00', 2007),
(7, 'اکیتو؛ د بشریت تاریخ کې تر ټولو لرغونی ساتل شوی اختر', 4, 0, 5, '&lt;p&gt;&quot;اکیتو&quot;، یا د بابل اشوریانو د کال پیل، د انسان په تاریخ کې تر ټولو لرغونی اختر دی چې تر ننه هر کال د اپرېل میاشتې لومړیو کې لمانځل کېږي.&lt;/p&gt;||&lt;h4&gt;\r\nد سوریې شمال ختیځ الحسکه ولایت په القحطانیه سیمه کې اشوریان په دې اختر کې راغونډ شوي، دوی خپلې دودیزې جامې اغوندي او د بین النهرین د لرغونوي کلتور پربنسټ د ۶۷۷۱ کال پیل لمانځي.\r\nد سوریې القخطانیه سیمه کې د اکیتو اختر مېله - د ابریل ۱، ۲۰۲۱&lt;/h4&gt;||&lt;p&gt;\r\nکه څه هم دا خلک اوس د مسیحیت پیروان دي، خو لاهم د خپلو اجدادو پر دودونو ټینګ ولاړ دي.\r\n\r\nپسرلي کې د نوروز په څېر د نورو مېلو سربېره، مصریان، عراق او سوریه کې اشوریانو، کلدان او سریان خپل بابلي، سامري، اکادي او کلداني لرغوني تمدنونه ساتلي دي.&lt;/p&gt;||&lt;p&gt;\r\nاشوري نجلۍ د سوریې شمال کې د اکتو اختر پرمهال په دودیزه جامه کې\r\n\r\nپه سوریه او عراق کې لرغونو ولسونو د طبیعت د ګردش (کرنې او محصول) په نامه مېلې لرلې.\r\n\r\nتاریخپوهان د اکیتو توري د دقیقې معنا په اړه اختلاف لري، عراقي څېړونکي خزعل الماجدي ویلي، دا توری ځمکې ته د اوبو د نژدې کېدو په معنا دی، خو نورو بیا ویلي چې د دانې د زرغونېدو په معنا دی. &lt;/p&gt;||&lt;p&gt;\r\nد لرغونو افسانو پربنسټ، د پسرلي راتګ د مړو له نړۍ نه د ژوندیو نړۍ ته د (دموزي) خدای د راپورته کېدو په معنا دی، لکه څنګه چې دانې او تخم د پسرلي په راتګ سره بېرته راژوندۍ او زرغونېږي او طبیعت بېرته نوی کېږي.\r\n\r\nد بریټانیکا دائرة&zwnj; المعارف پربنسټ، اکیتو اختر په بابلي تمدن کې و، دا اختر د کرنې او د زرغونتیا لپاره د ځمکې د ښېرازۍ او اوبو لګولو لپاره لمانځل کېده. &lt;/p&gt;||&lt;p&gt;\r\nسوریایی څېړونکی فراس السواح وايي، دا مېله یا اختر ۱۲ ورځې لمانځل کېږي، په څلورمه ورځ یې پاچا معبد ته په ډېره عاجزۍ ننوځي، کاهنان د مردوخ خدای مجسمې مخې ته کښېني.\r\n\r\nپه دې اختر کې نڅاګانې او خوښۍ وي، ډېری خلک په زرتارو جوړ ولسي کالي اغوندي او فولکلوري ډرامې وړاندې کوي&lt;/p&gt;||', 'News_4_JiPLS0YbAYImgL5nbRi63Wrtv0dmOTWBxTnc7cLGdzzNohTS72E5FDFJBty7_1617491388__1DjDRGa3A1kWOkeqLXdWc9a1enUAl0JChvQbmlU0D67kYPMwl3TJUUfn8JI1_1617491388.jpg', '2021-04-03 23:09:48', 3000),
(8, 'اکیتو؛ د بشریت تاریخ کې تر ټولو لرغونی ساتل شوی اختر', 5, 0, 1, '&lt;p&gt;&quot;اکیتو&quot;، یا د بابل اشوریانو د کال پیل، د انسان په تاریخ کې تر ټولو لرغونی اختر دی چې تر ننه هر کال د اپرېل میاشتې لومړیو کې لمانځل کېږي.&lt;/p&gt;||&lt;h4&gt;\r\nد سوریې شمال ختیځ الحسکه ولایت په القحطانیه سیمه کې اشوریان په دې اختر کې راغونډ شوي، دوی خپلې دودیزې جامې اغوندي او د بین النهرین د لرغونوي کلتور پربنسټ د ۶۷۷۱ کال پیل لمانځي.\r\nد سوریې القخطانیه سیمه کې د اکیتو اختر مېله - د ابریل ۱، ۲۰۲۱&lt;/h4&gt;||&lt;p&gt;\r\nکه څه هم دا خلک اوس د مسیحیت پیروان دي، خو لاهم د خپلو اجدادو پر دودونو ټینګ ولاړ دي.\r\n\r\nپسرلي کې د نوروز په څېر د نورو مېلو سربېره، مصریان، عراق او سوریه کې اشوریانو، کلدان او سریان خپل بابلي، سامري، اکادي او کلداني لرغوني تمدنونه ساتلي دي.&lt;/p&gt;||&lt;p&gt;\r\nاشوري نجلۍ د سوریې شمال کې د اکتو اختر پرمهال په دودیزه جامه کې\r\n\r\nپه سوریه او عراق کې لرغونو ولسونو د طبیعت د ګردش (کرنې او محصول) په نامه مېلې لرلې.\r\n\r\nتاریخپوهان د اکیتو توري د دقیقې معنا په اړه اختلاف لري، عراقي څېړونکي خزعل الماجدي ویلي، دا توری ځمکې ته د اوبو د نژدې کېدو په معنا دی، خو نورو بیا ویلي چې د دانې د زرغونېدو په معنا دی. &lt;/p&gt;||&lt;p&gt;\r\nد لرغونو افسانو پربنسټ، د پسرلي راتګ د مړو له نړۍ نه د ژوندیو نړۍ ته د (دموزي) خدای د راپورته کېدو په معنا دی، لکه څنګه چې دانې او تخم د پسرلي په راتګ سره بېرته راژوندۍ او زرغونېږي او طبیعت بېرته نوی کېږي.\r\n\r\nد بریټانیکا دائرة&zwnj; المعارف پربنسټ، اکیتو اختر په بابلي تمدن کې و، دا اختر د کرنې او د زرغونتیا لپاره د ځمکې د ښېرازۍ او اوبو لګولو لپاره لمانځل کېده. &lt;/p&gt;||&lt;p&gt;\r\nسوریایی څېړونکی فراس السواح وايي، دا مېله یا اختر ۱۲ ورځې لمانځل کېږي، په څلورمه ورځ یې پاچا معبد ته په ډېره عاجزۍ ننوځي، کاهنان د مردوخ خدای مجسمې مخې ته کښېني.\r\n\r\nپه دې اختر کې نڅاګانې او خوښۍ وي، ډېری خلک په زرتارو جوړ ولسي کالي اغوندي او فولکلوري ډرامې وړاندې کوي&lt;/p&gt;||', 'News_5_cBeX8gXBtJ4H1CYhyVAuL9n4RRXuhUYzapCeT4G6vqx6n6PX2NZ6Whi9Af31_1617491413__MgIC6lakr0jcjMZU8jJa7vBi8d2RrTSab7ISrGCpldqW9AX5IOCLQk2tPzqz_1617491413.jpg', '2021-04-03 23:10:13', 209),
(9, 'اکیتو؛ د بشریت تاریخ کې تر ټولو لرغونی ساتل شوی اختر', 4, 0, 1, '&lt;p&gt;&quot;اکیتو&quot;، یا د بابل اشوریانو د کال پیل، د انسان په تاریخ کې تر ټولو لرغونی اختر دی چې تر ننه هر کال د اپرېل میاشتې لومړیو کې لمانځل کېږي.&lt;/p&gt;||&lt;h4&gt;\r\nد سوریې شمال ختیځ الحسکه ولایت په القحطانیه سیمه کې اشوریان په دې اختر کې راغونډ شوي، دوی خپلې دودیزې جامې اغوندي او د بین النهرین د لرغونوي کلتور پربنسټ د ۶۷۷۱ کال پیل لمانځي.\r\nد سوریې القخطانیه سیمه کې د اکیتو اختر مېله - د ابریل ۱، ۲۰۲۱&lt;/h4&gt;||&lt;p&gt;\r\nکه څه هم دا خلک اوس د مسیحیت پیروان دي، خو لاهم د خپلو اجدادو پر دودونو ټینګ ولاړ دي.\r\n\r\nپسرلي کې د نوروز په څېر د نورو مېلو سربېره، مصریان، عراق او سوریه کې اشوریانو، کلدان او سریان خپل بابلي، سامري، اکادي او کلداني لرغوني تمدنونه ساتلي دي.&lt;/p&gt;||&lt;p&gt;\r\nاشوري نجلۍ د سوریې شمال کې د اکتو اختر پرمهال په دودیزه جامه کې\r\n\r\nپه سوریه او عراق کې لرغونو ولسونو د طبیعت د ګردش (کرنې او محصول) په نامه مېلې لرلې.\r\n\r\nتاریخپوهان د اکیتو توري د دقیقې معنا په اړه اختلاف لري، عراقي څېړونکي خزعل الماجدي ویلي، دا توری ځمکې ته د اوبو د نژدې کېدو په معنا دی، خو نورو بیا ویلي چې د دانې د زرغونېدو په معنا دی. &lt;/p&gt;||&lt;p&gt;\r\nد لرغونو افسانو پربنسټ، د پسرلي راتګ د مړو له نړۍ نه د ژوندیو نړۍ ته د (دموزي) خدای د راپورته کېدو په معنا دی، لکه څنګه چې دانې او تخم د پسرلي په راتګ سره بېرته راژوندۍ او زرغونېږي او طبیعت بېرته نوی کېږي.\r\n\r\nد بریټانیکا دائرة&zwnj; المعارف پربنسټ، اکیتو اختر په بابلي تمدن کې و، دا اختر د کرنې او د زرغونتیا لپاره د ځمکې د ښېرازۍ او اوبو لګولو لپاره لمانځل کېده. &lt;/p&gt;||&lt;p&gt;\r\nسوریایی څېړونکی فراس السواح وايي، دا مېله یا اختر ۱۲ ورځې لمانځل کېږي، په څلورمه ورځ یې پاچا معبد ته په ډېره عاجزۍ ننوځي، کاهنان د مردوخ خدای مجسمې مخې ته کښېني.\r\n\r\nپه دې اختر کې نڅاګانې او خوښۍ وي، ډېری خلک په زرتارو جوړ ولسي کالي اغوندي او فولکلوري ډرامې وړاندې کوي&lt;/p&gt;||', 'News_6_hEb3lQ6e3SJyVu7J62w9cbgh6nMAAwevrpOK9goVfmNwHblgllspI3A5azi4_1617491432__IiLFnXGBVShA0coaNZ1tjt71kshGt5DlbpxbBI6Ow1STG7Y1EPokt1RSFXQH_1617491432.jpg', '2021-04-03 23:10:32', 914),
(10, 'اکیتو؛ د بشریت تاریخ کې تر ټولو لرغونی ساتل شوی اختر', 5, 0, 1, '&lt;p&gt;&quot;اکیتو&quot;، یا د بابل اشوریانو د کال پیل، د انسان په تاریخ کې تر ټولو لرغونی اختر دی چې تر ننه هر کال د اپرېل میاشتې لومړیو کې لمانځل کېږي.&lt;/p&gt;||&lt;h4&gt;\r\nد سوریې شمال ختیځ الحسکه ولایت په القحطانیه سیمه کې اشوریان په دې اختر کې راغونډ شوي، دوی خپلې دودیزې جامې اغوندي او د بین النهرین د لرغونوي کلتور پربنسټ د ۶۷۷۱ کال پیل لمانځي.\r\nد سوریې القخطانیه سیمه کې د اکیتو اختر مېله - د ابریل ۱، ۲۰۲۱&lt;/h4&gt;||&lt;p&gt;\r\nکه څه هم دا خلک اوس د مسیحیت پیروان دي، خو لاهم د خپلو اجدادو پر دودونو ټینګ ولاړ دي.\r\n\r\nپسرلي کې د نوروز په څېر د نورو مېلو سربېره، مصریان، عراق او سوریه کې اشوریانو، کلدان او سریان خپل بابلي، سامري، اکادي او کلداني لرغوني تمدنونه ساتلي دي.&lt;/p&gt;||&lt;p&gt;\r\nاشوري نجلۍ د سوریې شمال کې د اکتو اختر پرمهال په دودیزه جامه کې\r\n\r\nپه سوریه او عراق کې لرغونو ولسونو د طبیعت د ګردش (کرنې او محصول) په نامه مېلې لرلې.\r\n\r\nتاریخپوهان د اکیتو توري د دقیقې معنا په اړه اختلاف لري، عراقي څېړونکي خزعل الماجدي ویلي، دا توری ځمکې ته د اوبو د نژدې کېدو په معنا دی، خو نورو بیا ویلي چې د دانې د زرغونېدو په معنا دی. &lt;/p&gt;||&lt;p&gt;\r\nد لرغونو افسانو پربنسټ، د پسرلي راتګ د مړو له نړۍ نه د ژوندیو نړۍ ته د (دموزي) خدای د راپورته کېدو په معنا دی، لکه څنګه چې دانې او تخم د پسرلي په راتګ سره بېرته راژوندۍ او زرغونېږي او طبیعت بېرته نوی کېږي.\r\n\r\nد بریټانیکا دائرة&zwnj; المعارف پربنسټ، اکیتو اختر په بابلي تمدن کې و، دا اختر د کرنې او د زرغونتیا لپاره د ځمکې د ښېرازۍ او اوبو لګولو لپاره لمانځل کېده. &lt;/p&gt;||&lt;p&gt;\r\nسوریایی څېړونکی فراس السواح وايي، دا مېله یا اختر ۱۲ ورځې لمانځل کېږي، په څلورمه ورځ یې پاچا معبد ته په ډېره عاجزۍ ننوځي، کاهنان د مردوخ خدای مجسمې مخې ته کښېني.\r\n\r\nپه دې اختر کې نڅاګانې او خوښۍ وي، ډېری خلک په زرتارو جوړ ولسي کالي اغوندي او فولکلوري ډرامې وړاندې کوي&lt;/p&gt;||', 'News_5_XE13NhTWFmZQEHd5TDNwUF4ITdIL8SzqCZbzf78Q2MgDZy7Qp1cYeyWD2Auj_1617491459__OtOwQcIn4TK97jEckBgeWbxY4m7IubDSGT4d1jUDPLXHSfCC2kBRm3jwEv15_1617491459.jpg', '2021-04-03 23:10:59', 891),
(11, 'فایزر واکسین &quot;لومړیو ۶ میاشتو کې په کورونا د اخته کېدو د ۹۱ سلنه پېښو مخه نیولې&quot;', 5, 0, 1, '&lt;p&gt;د کورونا واکسین جوړوونکی فایزر شرکت وايي څېړنې یې ښيي چې د دغه واکسین له لګېدو وروسته په لومړیو شپږو میاشتو کې په کورنا د اخته کېدو پېښې ۹۱ سلنه کمې شوې دي.\r\n\r\nیوه جلا څېړنه ښيي چې د دغه واکسین دواړه ډوزه ان په ۸۰ او ۹۰ کلنو خلکو کې هم د پام وړ اندازې خوندیتوب لامل ګرځي.\r\n\r\nخو څېړنې دا هم ښيي چې د هرو سلو واکسین شویو کسانو له ډلې یوازې په ۶۳ کې د &quot;ټي&quot; په نوم سلولونه یا ژونکې چې د اوږدې مودې لپاره د دغه خوندیتوب په ساتلو کې مرسته کوي، تولید شوي دي.\r\n\r\nله همدې کبله دا مهمه پوښتنه چې د کورونا واکسین خوندیتوب د څومره مودې لپاره دوام کوي، لا تر اوسه سمه نه ده ځواب شوې.\r\n\r\nفایزر د ۴۶ زره کسانو اړوند مالومات چې په داوطلب ډول یې د دغه شرکت د واکسین په اصلي ازمیښت کې برخه اخیستي وه، د دویم ډوز له لګولو شپږ میاشتې وروسته ارزولي دي. &lt;/p&gt;||&lt;h4&gt;\r\nدغه شرکت همدا راز په سویلي افریقا کې هم د ۸۰۰ داوطلبو اړوند مالومات څېړلي او دې پایلې ته رسېدلی چې واکسین یې په همدې اندازه د کورونا د چټکې بڼې پر وړاندې هم ګټور دی. &lt;/h4&gt;||&lt;p&gt;\r\nلابراتواري څېړنو ښودله چې د کورونا د چټکې بڼې پر وړاندې د دغه واکسین له کبله د تولید شوي خوندیتوب ګټورتیا کمه ده.\r\n\r\nد فایزر شرکت رییس او اجرايي مدیر البرټ بورلا وايي: &quot; د دویم ډوز له لګولو وروسته تر شپږو میاشتو سویلي افریقا کې د موندل شوې بڼې پر وړاندې د واکسین لوړ اغیز، زموږ پر واکسین پر عمومي ګټورتیا د باور لامل ګرځي.&quot;\r\n\r\nد اکسفورډ-اسټرازېنېکا په ګډون د کورونا د ټولو واکسینونو په تړاو ورته اوږدمهاله څېړنه روانه ده، خو فایزر لومړنی واکسین دی چې رپوټ یې خپرېږي.\r\n\r\nبرازیلۍ چټکه بڼه&lt;/p&gt;||&lt;h4&gt;\r\nپه ورته وخت کې د برمنګهم پوهنتون جلا څېړونو کې دا ارزول شوې چې د ۸۰ او ۹۶ کلونو ترمنځ د سلو داوطلبو د خوندیتابه سیستم کې څه بدلون راغلی دی.&lt;/h4&gt;||&lt;p&gt;\r\nد دغو کسانو وینه کې د لوړې کچې خوندیتوب نښې موندل شوې چې د کورونا لومړنی وېروس په اغیزمنتیا سره له پښو غورځولی شي.\r\n\r\nکه څه هم د برازیل د چټکې بڼې پر وړاندې د دغه خوندیتوب اغېز لږ څه کم دی، خو څېړونکي ډاډمن دي چې د فایزر په وسیله واکسین شوي کسان د کورونا د برازیلۍ بڼې پر وړاندې هم خوندي دي، ځکه وجود کې یې د رامنځ ته شوي خوندیتوب کچه ډېره لوړه ده.\r\n\r\nخو په ورته وخت کې د دغه عمر خلکو له هرو سلو یوازې په ۶۳ کسانو کې د موندنې وړ &quot;ټي&quot; سلول یا حجرې تولید شوې دي.\r\n\r\n    شتمن هېوادونه د کورونا واکسین ذخیره کوي، خو بې وزله به څه کوي؟\r\n    فرانسې بریتانیا د واکسین د صادراتو په اړه په باج اخیستو تورنه کړه\r\n    د کورونا واکسین پر ضد خپرېدونکې اوازې څومره سمې دي؟\r\n\r\nد دغو څېړونکو له ډلې ډاکتره هلن پېري وايي: &quot;مالومه نه ده چې دا د خوندیتابه د رامنځ ته کېدو له اړخه اوږد مهال کې څه اغېزې لري.&quot;\r\n\r\n&quot;ټي&quot; ژونکې یا حجرې د انسان د بدن هغه ژونکې له منځه وړلی شي چې کورونا وېروس پټې کړې او د دغه وېروس د تکثیر په مرکزونو اوښتې دي.\r\n\r\nدا ژونکې همدا راز بدن کې د اوږدې مودې لپاره د خوندیتابه له ساتل کېدو سره هم مرسته کوي.\r\n\r\nیو بل څېړونکی پوهاند پال ماس وايي: &quot;دا هغه څه دي چې له نږدې به یې تر نظر لاندې وساتو.&quot;&lt;/p&gt;||', 'News_5_DuXIlgtjWTzJ5VbAqxEWJ22tE9MQYgPHgQFyyWVqeBjsBbCIc1eUNQcJf3bf_1617491611__0Fb9dTiZBtwMGPmWDApEvsS2LT3q80WDa1A1U3VmkxfLEm2vIfKiD4YdrDzZ_1617491611.jpg', '2021-04-03 23:13:31', 911),
(12, 'فایزر واکسین &quot;لومړیو ۶ میاشتو کې په کورونا د اخته کېدو د ۹۱ سلنه پېښو مخه نیولې&quot;', 5, 0, 1, '&lt;p&gt;د کورونا واکسین جوړوونکی فایزر شرکت وايي څېړنې یې ښيي چې د دغه واکسین له لګېدو وروسته په لومړیو شپږو میاشتو کې په کورنا د اخته کېدو پېښې ۹۱ سلنه کمې شوې دي.\r\n\r\nیوه جلا څېړنه ښيي چې د دغه واکسین دواړه ډوزه ان په ۸۰ او ۹۰ کلنو خلکو کې هم د پام وړ اندازې خوندیتوب لامل ګرځي.\r\n\r\nخو څېړنې دا هم ښيي چې د هرو سلو واکسین شویو کسانو له ډلې یوازې په ۶۳ کې د &quot;ټي&quot; په نوم سلولونه یا ژونکې چې د اوږدې مودې لپاره د دغه خوندیتوب په ساتلو کې مرسته کوي، تولید شوي دي.\r\n\r\nله همدې کبله دا مهمه پوښتنه چې د کورونا واکسین خوندیتوب د څومره مودې لپاره دوام کوي، لا تر اوسه سمه نه ده ځواب شوې.\r\n\r\nفایزر د ۴۶ زره کسانو اړوند مالومات چې په داوطلب ډول یې د دغه شرکت د واکسین په اصلي ازمیښت کې برخه اخیستي وه، د دویم ډوز له لګولو شپږ میاشتې وروسته ارزولي دي. &lt;/p&gt;||&lt;h4&gt;\r\nدغه شرکت همدا راز په سویلي افریقا کې هم د ۸۰۰ داوطلبو اړوند مالومات څېړلي او دې پایلې ته رسېدلی چې واکسین یې په همدې اندازه د کورونا د چټکې بڼې پر وړاندې هم ګټور دی. &lt;/h4&gt;||&lt;p&gt;\r\nلابراتواري څېړنو ښودله چې د کورونا د چټکې بڼې پر وړاندې د دغه واکسین له کبله د تولید شوي خوندیتوب ګټورتیا کمه ده.\r\n\r\nد فایزر شرکت رییس او اجرايي مدیر البرټ بورلا وايي: &quot; د دویم ډوز له لګولو وروسته تر شپږو میاشتو سویلي افریقا کې د موندل شوې بڼې پر وړاندې د واکسین لوړ اغیز، زموږ پر واکسین پر عمومي ګټورتیا د باور لامل ګرځي.&quot;\r\n\r\nد اکسفورډ-اسټرازېنېکا په ګډون د کورونا د ټولو واکسینونو په تړاو ورته اوږدمهاله څېړنه روانه ده، خو فایزر لومړنی واکسین دی چې رپوټ یې خپرېږي.\r\n\r\nبرازیلۍ چټکه بڼه&lt;/p&gt;||&lt;h4&gt;\r\nپه ورته وخت کې د برمنګهم پوهنتون جلا څېړونو کې دا ارزول شوې چې د ۸۰ او ۹۶ کلونو ترمنځ د سلو داوطلبو د خوندیتابه سیستم کې څه بدلون راغلی دی.&lt;/h4&gt;||&lt;p&gt;\r\nد دغو کسانو وینه کې د لوړې کچې خوندیتوب نښې موندل شوې چې د کورونا لومړنی وېروس په اغیزمنتیا سره له پښو غورځولی شي.\r\n\r\nکه څه هم د برازیل د چټکې بڼې پر وړاندې د دغه خوندیتوب اغېز لږ څه کم دی، خو څېړونکي ډاډمن دي چې د فایزر په وسیله واکسین شوي کسان د کورونا د برازیلۍ بڼې پر وړاندې هم خوندي دي، ځکه وجود کې یې د رامنځ ته شوي خوندیتوب کچه ډېره لوړه ده.\r\n\r\nخو په ورته وخت کې د دغه عمر خلکو له هرو سلو یوازې په ۶۳ کسانو کې د موندنې وړ &quot;ټي&quot; سلول یا حجرې تولید شوې دي.\r\n\r\n    شتمن هېوادونه د کورونا واکسین ذخیره کوي، خو بې وزله به څه کوي؟\r\n    فرانسې بریتانیا د واکسین د صادراتو په اړه په باج اخیستو تورنه کړه\r\n    د کورونا واکسین پر ضد خپرېدونکې اوازې څومره سمې دي؟\r\n\r\nد دغو څېړونکو له ډلې ډاکتره هلن پېري وايي: &quot;مالومه نه ده چې دا د خوندیتابه د رامنځ ته کېدو له اړخه اوږد مهال کې څه اغېزې لري.&quot;\r\n\r\n&quot;ټي&quot; ژونکې یا حجرې د انسان د بدن هغه ژونکې له منځه وړلی شي چې کورونا وېروس پټې کړې او د دغه وېروس د تکثیر په مرکزونو اوښتې دي.\r\n\r\nدا ژونکې همدا راز بدن کې د اوږدې مودې لپاره د خوندیتابه له ساتل کېدو سره هم مرسته کوي.\r\n\r\nیو بل څېړونکی پوهاند پال ماس وايي: &quot;دا هغه څه دي چې له نږدې به یې تر نظر لاندې وساتو.&quot;&lt;/p&gt;||', 'News_4_XtvWiecRnPpuNE3iSmeaFsjZGitoyEEbMpnvHf4Z0L9k4nzttMwEDUSrmpbs_1617491639__EdlajoCOHM9v16HBMgn90WsNbzO1M8LdOrHrm53DhgFVsIwHwnvgUem8cSJO_1617491639.jpg', '2021-04-03 23:13:59', 302),
(13, 'فایزر واکسین &quot;لومړیو ۶ میاشتو کې په کورونا د اخته کېدو د ۹۱ سلنه پېښو مخه نیولې&quot;', 2, 0, 1, '&lt;p&gt;د کورونا واکسین جوړوونکی فایزر شرکت وايي څېړنې یې ښيي چې د دغه واکسین له لګېدو وروسته په لومړیو شپږو میاشتو کې په کورنا د اخته کېدو پېښې ۹۱ سلنه کمې شوې دي.\r\n\r\nیوه جلا څېړنه ښيي چې د دغه واکسین دواړه ډوزه ان په ۸۰ او ۹۰ کلنو خلکو کې هم د پام وړ اندازې خوندیتوب لامل ګرځي.\r\n\r\nخو څېړنې دا هم ښيي چې د هرو سلو واکسین شویو کسانو له ډلې یوازې په ۶۳ کې د &quot;ټي&quot; په نوم سلولونه یا ژونکې چې د اوږدې مودې لپاره د دغه خوندیتوب په ساتلو کې مرسته کوي، تولید شوي دي.\r\n\r\nله همدې کبله دا مهمه پوښتنه چې د کورونا واکسین خوندیتوب د څومره مودې لپاره دوام کوي، لا تر اوسه سمه نه ده ځواب شوې.\r\n\r\nفایزر د ۴۶ زره کسانو اړوند مالومات چې په داوطلب ډول یې د دغه شرکت د واکسین په اصلي ازمیښت کې برخه اخیستي وه، د دویم ډوز له لګولو شپږ میاشتې وروسته ارزولي دي. &lt;/p&gt;||&lt;h4&gt;\r\nدغه شرکت همدا راز په سویلي افریقا کې هم د ۸۰۰ داوطلبو اړوند مالومات څېړلي او دې پایلې ته رسېدلی چې واکسین یې په همدې اندازه د کورونا د چټکې بڼې پر وړاندې هم ګټور دی. &lt;/h4&gt;||&lt;p&gt;\r\nلابراتواري څېړنو ښودله چې د کورونا د چټکې بڼې پر وړاندې د دغه واکسین له کبله د تولید شوي خوندیتوب ګټورتیا کمه ده.\r\n\r\nد فایزر شرکت رییس او اجرايي مدیر البرټ بورلا وايي: &quot; د دویم ډوز له لګولو وروسته تر شپږو میاشتو سویلي افریقا کې د موندل شوې بڼې پر وړاندې د واکسین لوړ اغیز، زموږ پر واکسین پر عمومي ګټورتیا د باور لامل ګرځي.&quot;\r\n\r\nد اکسفورډ-اسټرازېنېکا په ګډون د کورونا د ټولو واکسینونو په تړاو ورته اوږدمهاله څېړنه روانه ده، خو فایزر لومړنی واکسین دی چې رپوټ یې خپرېږي.\r\n\r\nبرازیلۍ چټکه بڼه&lt;/p&gt;||&lt;h4&gt;\r\nپه ورته وخت کې د برمنګهم پوهنتون جلا څېړونو کې دا ارزول شوې چې د ۸۰ او ۹۶ کلونو ترمنځ د سلو داوطلبو د خوندیتابه سیستم کې څه بدلون راغلی دی.&lt;/h4&gt;||&lt;p&gt;\r\nد دغو کسانو وینه کې د لوړې کچې خوندیتوب نښې موندل شوې چې د کورونا لومړنی وېروس په اغیزمنتیا سره له پښو غورځولی شي.\r\n\r\nکه څه هم د برازیل د چټکې بڼې پر وړاندې د دغه خوندیتوب اغېز لږ څه کم دی، خو څېړونکي ډاډمن دي چې د فایزر په وسیله واکسین شوي کسان د کورونا د برازیلۍ بڼې پر وړاندې هم خوندي دي، ځکه وجود کې یې د رامنځ ته شوي خوندیتوب کچه ډېره لوړه ده.\r\n\r\nخو په ورته وخت کې د دغه عمر خلکو له هرو سلو یوازې په ۶۳ کسانو کې د موندنې وړ &quot;ټي&quot; سلول یا حجرې تولید شوې دي.\r\n\r\n    شتمن هېوادونه د کورونا واکسین ذخیره کوي، خو بې وزله به څه کوي؟\r\n    فرانسې بریتانیا د واکسین د صادراتو په اړه په باج اخیستو تورنه کړه\r\n    د کورونا واکسین پر ضد خپرېدونکې اوازې څومره سمې دي؟\r\n\r\nد دغو څېړونکو له ډلې ډاکتره هلن پېري وايي: &quot;مالومه نه ده چې دا د خوندیتابه د رامنځ ته کېدو له اړخه اوږد مهال کې څه اغېزې لري.&quot;\r\n\r\n&quot;ټي&quot; ژونکې یا حجرې د انسان د بدن هغه ژونکې له منځه وړلی شي چې کورونا وېروس پټې کړې او د دغه وېروس د تکثیر په مرکزونو اوښتې دي.\r\n\r\nدا ژونکې همدا راز بدن کې د اوږدې مودې لپاره د خوندیتابه له ساتل کېدو سره هم مرسته کوي.\r\n\r\nیو بل څېړونکی پوهاند پال ماس وايي: &quot;دا هغه څه دي چې له نږدې به یې تر نظر لاندې وساتو.&quot;&lt;/p&gt;||', 'News_2_ukowFZja1dx589JLwp9Epno5U3D1IAQFq18fhGT2bYedwCTlNCI4enaEZYLV_1617491658__HOQPoJXtszl3qlnAC0zQYvO9IwUCOVUIvLvJFRLYvIjjuY5tSJHUgDwWgVRc_1617491658.jpg', '2021-04-03 23:14:18', 2001),
(14, 'فایزر واکسین &quot;لومړیو ۶ میاشتو کې په کورونا د اخته کېدو د ۹۱ سلنه پېښو مخه نیولې&quot;', 5, 0, 1, '&lt;p&gt;د کورونا واکسین جوړوونکی فایزر شرکت وايي څېړنې یې ښيي چې د دغه واکسین له لګېدو وروسته په لومړیو شپږو میاشتو کې په کورنا د اخته کېدو پېښې ۹۱ سلنه کمې شوې دي.\r\n\r\nیوه جلا څېړنه ښيي چې د دغه واکسین دواړه ډوزه ان په ۸۰ او ۹۰ کلنو خلکو کې هم د پام وړ اندازې خوندیتوب لامل ګرځي.\r\n\r\nخو څېړنې دا هم ښيي چې د هرو سلو واکسین شویو کسانو له ډلې یوازې په ۶۳ کې د &quot;ټي&quot; په نوم سلولونه یا ژونکې چې د اوږدې مودې لپاره د دغه خوندیتوب په ساتلو کې مرسته کوي، تولید شوي دي.\r\n\r\nله همدې کبله دا مهمه پوښتنه چې د کورونا واکسین خوندیتوب د څومره مودې لپاره دوام کوي، لا تر اوسه سمه نه ده ځواب شوې.\r\n\r\nفایزر د ۴۶ زره کسانو اړوند مالومات چې په داوطلب ډول یې د دغه شرکت د واکسین په اصلي ازمیښت کې برخه اخیستي وه، د دویم ډوز له لګولو شپږ میاشتې وروسته ارزولي دي. &lt;/p&gt;||&lt;h4&gt;\r\nدغه شرکت همدا راز په سویلي افریقا کې هم د ۸۰۰ داوطلبو اړوند مالومات څېړلي او دې پایلې ته رسېدلی چې واکسین یې په همدې اندازه د کورونا د چټکې بڼې پر وړاندې هم ګټور دی. &lt;/h4&gt;||&lt;p&gt;\r\nلابراتواري څېړنو ښودله چې د کورونا د چټکې بڼې پر وړاندې د دغه واکسین له کبله د تولید شوي خوندیتوب ګټورتیا کمه ده.\r\n\r\nد فایزر شرکت رییس او اجرايي مدیر البرټ بورلا وايي: &quot; د دویم ډوز له لګولو وروسته تر شپږو میاشتو سویلي افریقا کې د موندل شوې بڼې پر وړاندې د واکسین لوړ اغیز، زموږ پر واکسین پر عمومي ګټورتیا د باور لامل ګرځي.&quot;\r\n\r\nد اکسفورډ-اسټرازېنېکا په ګډون د کورونا د ټولو واکسینونو په تړاو ورته اوږدمهاله څېړنه روانه ده، خو فایزر لومړنی واکسین دی چې رپوټ یې خپرېږي.\r\n\r\nبرازیلۍ چټکه بڼه&lt;/p&gt;||&lt;h4&gt;\r\nپه ورته وخت کې د برمنګهم پوهنتون جلا څېړونو کې دا ارزول شوې چې د ۸۰ او ۹۶ کلونو ترمنځ د سلو داوطلبو د خوندیتابه سیستم کې څه بدلون راغلی دی.&lt;/h4&gt;||&lt;p&gt;\r\nد دغو کسانو وینه کې د لوړې کچې خوندیتوب نښې موندل شوې چې د کورونا لومړنی وېروس په اغیزمنتیا سره له پښو غورځولی شي.\r\n\r\nکه څه هم د برازیل د چټکې بڼې پر وړاندې د دغه خوندیتوب اغېز لږ څه کم دی، خو څېړونکي ډاډمن دي چې د فایزر په وسیله واکسین شوي کسان د کورونا د برازیلۍ بڼې پر وړاندې هم خوندي دي، ځکه وجود کې یې د رامنځ ته شوي خوندیتوب کچه ډېره لوړه ده.\r\n\r\nخو په ورته وخت کې د دغه عمر خلکو له هرو سلو یوازې په ۶۳ کسانو کې د موندنې وړ &quot;ټي&quot; سلول یا حجرې تولید شوې دي.\r\n\r\n    شتمن هېوادونه د کورونا واکسین ذخیره کوي، خو بې وزله به څه کوي؟\r\n    فرانسې بریتانیا د واکسین د صادراتو په اړه په باج اخیستو تورنه کړه\r\n    د کورونا واکسین پر ضد خپرېدونکې اوازې څومره سمې دي؟\r\n\r\nد دغو څېړونکو له ډلې ډاکتره هلن پېري وايي: &quot;مالومه نه ده چې دا د خوندیتابه د رامنځ ته کېدو له اړخه اوږد مهال کې څه اغېزې لري.&quot;\r\n\r\n&quot;ټي&quot; ژونکې یا حجرې د انسان د بدن هغه ژونکې له منځه وړلی شي چې کورونا وېروس پټې کړې او د دغه وېروس د تکثیر په مرکزونو اوښتې دي.\r\n\r\nدا ژونکې همدا راز بدن کې د اوږدې مودې لپاره د خوندیتابه له ساتل کېدو سره هم مرسته کوي.\r\n\r\nیو بل څېړونکی پوهاند پال ماس وايي: &quot;دا هغه څه دي چې له نږدې به یې تر نظر لاندې وساتو.&quot;&lt;/p&gt;||', 'News_5_rHgwbOkt20fkgZJ5iuLRgLcCofT7Q2IRFOC4gGkXf3oEt0AQYfnegIF1Yi2X_1617491676__BqOhh83VnsM7hme1ojHAxAtWbJ9NpLe8YvlbqNugGdhxaUreUdKBUTE4WRGD_1617491676.jpg', '2021-04-03 23:14:36', 2),
(15, 'فایزر واکسین &quot;لومړیو ۶ میاشتو کې په کورونا د اخته کېدو د ۹۱ سلنه پېښو مخه نیولې&quot;', 6, 0, 1, '&lt;p&gt;د کورونا واکسین جوړوونکی فایزر شرکت وايي څېړنې یې ښيي چې د دغه واکسین له لګېدو وروسته په لومړیو شپږو میاشتو کې په کورنا د اخته کېدو پېښې ۹۱ سلنه کمې شوې دي.\r\n\r\nیوه جلا څېړنه ښيي چې د دغه واکسین دواړه ډوزه ان په ۸۰ او ۹۰ کلنو خلکو کې هم د پام وړ اندازې خوندیتوب لامل ګرځي.\r\n\r\nخو څېړنې دا هم ښيي چې د هرو سلو واکسین شویو کسانو له ډلې یوازې په ۶۳ کې د &quot;ټي&quot; په نوم سلولونه یا ژونکې چې د اوږدې مودې لپاره د دغه خوندیتوب په ساتلو کې مرسته کوي، تولید شوي دي.\r\n\r\nله همدې کبله دا مهمه پوښتنه چې د کورونا واکسین خوندیتوب د څومره مودې لپاره دوام کوي، لا تر اوسه سمه نه ده ځواب شوې.\r\n\r\nفایزر د ۴۶ زره کسانو اړوند مالومات چې په داوطلب ډول یې د دغه شرکت د واکسین په اصلي ازمیښت کې برخه اخیستي وه، د دویم ډوز له لګولو شپږ میاشتې وروسته ارزولي دي. &lt;/p&gt;||&lt;h4&gt;\r\nدغه شرکت همدا راز په سویلي افریقا کې هم د ۸۰۰ داوطلبو اړوند مالومات څېړلي او دې پایلې ته رسېدلی چې واکسین یې په همدې اندازه د کورونا د چټکې بڼې پر وړاندې هم ګټور دی. &lt;/h4&gt;||&lt;p&gt;\r\nلابراتواري څېړنو ښودله چې د کورونا د چټکې بڼې پر وړاندې د دغه واکسین له کبله د تولید شوي خوندیتوب ګټورتیا کمه ده.\r\n\r\nد فایزر شرکت رییس او اجرايي مدیر البرټ بورلا وايي: &quot; د دویم ډوز له لګولو وروسته تر شپږو میاشتو سویلي افریقا کې د موندل شوې بڼې پر وړاندې د واکسین لوړ اغیز، زموږ پر واکسین پر عمومي ګټورتیا د باور لامل ګرځي.&quot;\r\n\r\nد اکسفورډ-اسټرازېنېکا په ګډون د کورونا د ټولو واکسینونو په تړاو ورته اوږدمهاله څېړنه روانه ده، خو فایزر لومړنی واکسین دی چې رپوټ یې خپرېږي.\r\n\r\nبرازیلۍ چټکه بڼه&lt;/p&gt;||&lt;h4&gt;\r\nپه ورته وخت کې د برمنګهم پوهنتون جلا څېړونو کې دا ارزول شوې چې د ۸۰ او ۹۶ کلونو ترمنځ د سلو داوطلبو د خوندیتابه سیستم کې څه بدلون راغلی دی.&lt;/h4&gt;||&lt;p&gt;\r\nد دغو کسانو وینه کې د لوړې کچې خوندیتوب نښې موندل شوې چې د کورونا لومړنی وېروس په اغیزمنتیا سره له پښو غورځولی شي.\r\n\r\nکه څه هم د برازیل د چټکې بڼې پر وړاندې د دغه خوندیتوب اغېز لږ څه کم دی، خو څېړونکي ډاډمن دي چې د فایزر په وسیله واکسین شوي کسان د کورونا د برازیلۍ بڼې پر وړاندې هم خوندي دي، ځکه وجود کې یې د رامنځ ته شوي خوندیتوب کچه ډېره لوړه ده.\r\n\r\nخو په ورته وخت کې د دغه عمر خلکو له هرو سلو یوازې په ۶۳ کسانو کې د موندنې وړ &quot;ټي&quot; سلول یا حجرې تولید شوې دي.\r\n\r\n    شتمن هېوادونه د کورونا واکسین ذخیره کوي، خو بې وزله به څه کوي؟\r\n    فرانسې بریتانیا د واکسین د صادراتو په اړه په باج اخیستو تورنه کړه\r\n    د کورونا واکسین پر ضد خپرېدونکې اوازې څومره سمې دي؟\r\n\r\nد دغو څېړونکو له ډلې ډاکتره هلن پېري وايي: &quot;مالومه نه ده چې دا د خوندیتابه د رامنځ ته کېدو له اړخه اوږد مهال کې څه اغېزې لري.&quot;\r\n\r\n&quot;ټي&quot; ژونکې یا حجرې د انسان د بدن هغه ژونکې له منځه وړلی شي چې کورونا وېروس پټې کړې او د دغه وېروس د تکثیر په مرکزونو اوښتې دي.\r\n\r\nدا ژونکې همدا راز بدن کې د اوږدې مودې لپاره د خوندیتابه له ساتل کېدو سره هم مرسته کوي.\r\n\r\nیو بل څېړونکی پوهاند پال ماس وايي: &quot;دا هغه څه دي چې له نږدې به یې تر نظر لاندې وساتو.&quot;&lt;/p&gt;||', 'News_6_pbyJFImPJG3OV6IFAd1clq7Z745gpqjUcgPsH7Y9Tb1Ey7s7U8ZVSa6eFtvC_1617491693__8TCFxN6Lo1f5CIo7sAUCamE6BQVROSrvrE9kNEZ0U9gKGUudgT8GottNSx1a_1617491693.jpg', '2021-04-03 23:14:53', 3),
(16, 'فایزر واکسین &quot;لومړیو ۶ میاشتو کې په کورونا د اخته کېدو د ۹۱ سلنه پېښو مخه نیولې&quot;', 6, 0, 1, '&lt;p&gt;د کورونا واکسین جوړوونکی فایزر شرکت وايي څېړنې یې ښيي چې د دغه واکسین له لګېدو وروسته په لومړیو شپږو میاشتو کې په کورنا د اخته کېدو پېښې ۹۱ سلنه کمې شوې دي.\r\n\r\nیوه جلا څېړنه ښيي چې د دغه واکسین دواړه ډوزه ان په ۸۰ او ۹۰ کلنو خلکو کې هم د پام وړ اندازې خوندیتوب لامل ګرځي.\r\n\r\nخو څېړنې دا هم ښيي چې د هرو سلو واکسین شویو کسانو له ډلې یوازې په ۶۳ کې د &quot;ټي&quot; په نوم سلولونه یا ژونکې چې د اوږدې مودې لپاره د دغه خوندیتوب په ساتلو کې مرسته کوي، تولید شوي دي.\r\n\r\nله همدې کبله دا مهمه پوښتنه چې د کورونا واکسین خوندیتوب د څومره مودې لپاره دوام کوي، لا تر اوسه سمه نه ده ځواب شوې.\r\n\r\nفایزر د ۴۶ زره کسانو اړوند مالومات چې په داوطلب ډول یې د دغه شرکت د واکسین په اصلي ازمیښت کې برخه اخیستي وه، د دویم ډوز له لګولو شپږ میاشتې وروسته ارزولي دي. &lt;/p&gt;||&lt;h4&gt;\r\nدغه شرکت همدا راز په سویلي افریقا کې هم د ۸۰۰ داوطلبو اړوند مالومات څېړلي او دې پایلې ته رسېدلی چې واکسین یې په همدې اندازه د کورونا د چټکې بڼې پر وړاندې هم ګټور دی. &lt;/h4&gt;||&lt;p&gt;\r\nلابراتواري څېړنو ښودله چې د کورونا د چټکې بڼې پر وړاندې د دغه واکسین له کبله د تولید شوي خوندیتوب ګټورتیا کمه ده.\r\n\r\nد فایزر شرکت رییس او اجرايي مدیر البرټ بورلا وايي: &quot; د دویم ډوز له لګولو وروسته تر شپږو میاشتو سویلي افریقا کې د موندل شوې بڼې پر وړاندې د واکسین لوړ اغیز، زموږ پر واکسین پر عمومي ګټورتیا د باور لامل ګرځي.&quot;\r\n\r\nد اکسفورډ-اسټرازېنېکا په ګډون د کورونا د ټولو واکسینونو په تړاو ورته اوږدمهاله څېړنه روانه ده، خو فایزر لومړنی واکسین دی چې رپوټ یې خپرېږي.\r\n\r\nبرازیلۍ چټکه بڼه&lt;/p&gt;||&lt;h4&gt;\r\nپه ورته وخت کې د برمنګهم پوهنتون جلا څېړونو کې دا ارزول شوې چې د ۸۰ او ۹۶ کلونو ترمنځ د سلو داوطلبو د خوندیتابه سیستم کې څه بدلون راغلی دی.&lt;/h4&gt;||&lt;p&gt;\r\nد دغو کسانو وینه کې د لوړې کچې خوندیتوب نښې موندل شوې چې د کورونا لومړنی وېروس په اغیزمنتیا سره له پښو غورځولی شي.\r\n\r\nکه څه هم د برازیل د چټکې بڼې پر وړاندې د دغه خوندیتوب اغېز لږ څه کم دی، خو څېړونکي ډاډمن دي چې د فایزر په وسیله واکسین شوي کسان د کورونا د برازیلۍ بڼې پر وړاندې هم خوندي دي، ځکه وجود کې یې د رامنځ ته شوي خوندیتوب کچه ډېره لوړه ده.\r\n\r\nخو په ورته وخت کې د دغه عمر خلکو له هرو سلو یوازې په ۶۳ کسانو کې د موندنې وړ &quot;ټي&quot; سلول یا حجرې تولید شوې دي.\r\n\r\n    شتمن هېوادونه د کورونا واکسین ذخیره کوي، خو بې وزله به څه کوي؟\r\n    فرانسې بریتانیا د واکسین د صادراتو په اړه په باج اخیستو تورنه کړه\r\n    د کورونا واکسین پر ضد خپرېدونکې اوازې څومره سمې دي؟\r\n\r\nد دغو څېړونکو له ډلې ډاکتره هلن پېري وايي: &quot;مالومه نه ده چې دا د خوندیتابه د رامنځ ته کېدو له اړخه اوږد مهال کې څه اغېزې لري.&quot;\r\n\r\n&quot;ټي&quot; ژونکې یا حجرې د انسان د بدن هغه ژونکې له منځه وړلی شي چې کورونا وېروس پټې کړې او د دغه وېروس د تکثیر په مرکزونو اوښتې دي.\r\n\r\nدا ژونکې همدا راز بدن کې د اوږدې مودې لپاره د خوندیتابه له ساتل کېدو سره هم مرسته کوي.\r\n\r\nیو بل څېړونکی پوهاند پال ماس وايي: &quot;دا هغه څه دي چې له نږدې به یې تر نظر لاندې وساتو.&quot;&lt;/p&gt;||', 'News_6_QotDrVKNH2UemN6msL5igHiYzNQgFaGy22hvjoNRjrfiFU5oUETX0nOEpmk9_1617491715__KOjayPbBvSs2MR3OmPfuV8PIdnEcKpeGBwcXJa4cBLBa8SjoYh4abKGocrfF_1617491715.jpg', '2021-04-03 23:15:15', 3),
(18, 'فایزر واکسین &quot;لومړیو ۶ میاشتو کې په کورونا د اخته کېدو د ۹۱ سلنه پېښو مخه نیولې&quot;', 6, 0, 1, '&lt;p&gt;په سري لنکا کې د ښکلا تر ټولو ستره سیالۍ کې پر دریځ یا سټېج د اخ و ډب له رامنځته کېدو وروسته د سیالۍ ګټونکې مېرمن سر ټپی شوی دی.\r\n\r\nد یکشنبې پر ورځ د سري لنکا ښکلا ملکې سیالۍ کې پشپیکا ډي سلوا ګټونکې اعلان شوه او دغه سیالۍ د هېواد پر ملي ټلویزیون هم خپرېده.\r\n\r\nخو له اعلان څو شېبې تېرې وې، چې د ۲۰۱۹ کال ورته سیالیو ګټونکې مېرمنې د اغلې ډي سلوا له سره تاج واخیست او ادعا یې وکړه، چې نوموړې طلاقه شوې، ځکه باید ګټونکې و نه بلل شي.\r\n\r\nد مراسمو منتظیمینو وروسته اعلان وکړ، چې اغلې ډي سلوا نه ده طلاقه شوې او تاج یې بېرته هغې ته سپاري.\r\n\r\nدغه سیالۍ د یکشنبې پر شپه د پلازمېنې کولمبو یو تیاتر ننداره کې تر سره شوې، چې منصفه پلاوي اغلې ډي سلوا پکې ګټونکې اعلان کړه. &lt;/p&gt;||', 'News_6_hno6cnxtURJvmro7NWWErNQsMY8NZOi0QitA6HCW8oB57A5ub3VdehIi1RAO_1617723277__mS2WUrB2h0jqG7VfLHY8BG9nnL9G8hMvSHdIp8lxGNbIYljDacaokSkuo2XM_1617723277.jpg', '2021-04-06 15:34:37', 11),
(19, 'د کندهار امنیه قومندان تورنجنرال تادین خان اڅکزي له نژدې دوه نیم کلن ماموریت وروسته', 4, 1, 1, '&lt;p&gt;د کندهار امنیه قومندان تورنجنرال تادین خان اڅکزي له نژدې دوه نیم کلن ماموریت وروسته استعفا کړې او پر خای یې سید شریف برید جنرال نوی امنیه قومندان معرفي شوی دی.\r\n\r\nتادین خان پخپل استعفا لیک کې ویلي، د خپل ورور جنرال عبدالرازق خان اڅکزي د کارنامو ساتلو او د لوی کندهار د ولسونو او نظامیانو په غوښتنه يې دغه مسؤلیت منلی و.\r\n\r\nدی زیاتوي، اوس دا مسئولیت د جنرال عبدالرازق یوه ملګري ته سپاري او دی غواړي د سولې بهیر کې خدمت وکړي.\r\n\r\nنوی امنیه قومندان ډګروال سید شریف \'سرټیپ\'، چې د دریمې سرحدي لوا د څلورم کنډک قوماندان و، د جنرال عبدالرازق اڅکزي له نژدې قوماندانانو څخه و.&lt;/p&gt;||', 'News_4_Eic8BtaBF0nBB2l5DFpPccsz64kND89ngd91JWgD4iRxge2X2VhAjfY3lXsR_1618049984__iQGNhmuUctKZsVvkLJozybeA3h2YRDCcAHWIba5a8FVNA9Wt6FqJZW1RbUK4_1618049984.jpg', '2021-04-10 10:19:45', 4),
(23, 'زړه ښځه یم، کله د یو او کله د بل په مرسته په دې تمه', 5, 0, 3, '&lt;h4&gt;پاکستان کې د نادرکه خلکو شمېر کم نه دی. که یو ځای د چا مېړه ورک دی نو بل ځای بیا د بل پلار &lt;/h4&gt;||&lt;p&gt;\r\nپاکستان کې د نادرکه خلکو شمېر کم نه دی. که یو ځای د چا مېړه ورک دی نو بل ځای بیا د بل پلار نادرکه دی او یا هم د چا زوی. خو په دوی کې یوه داسې مور هم شته چې څلور زامن یې له پنځو کلونو راهیسې تري تم دي. &lt;/p&gt;||&lt;p&gt;\r\nپاکستان کې د نادرکه خلکو شمېر کم نه دی. که یو ځای د چا مېړه ورک دی نو بل ځای بیا د بل پلار نادرکه دی او یا هم د چا زوی. خو په دوی کې یوه داسې مور هم شته چې څلور زامن یې له پنځو کلونو راهیسې تري تم دي. &lt;/p&gt;||&lt;p&gt;\r\nپاکستان کې د نادرکه خلکو شمېر کم نه دی. که یو ځای د چا مېړه ورک دی نو بل ځای بیا د بل پلار نادرکه دی او یا هم د چا زوی. خو په دوی کې یوه داسې مور هم شته چې څلور زامن یې له پنځو کلونو راهیسې تري تم دي. &lt;/p&gt;||&lt;p&gt;\r\nپاکستان کې د نادرکه خلکو شمېر کم نه دی. که یو ځای د چا مېړه ورک دی نو بل ځای بیا د بل پلار نادرکه دی او یا هم د چا زوی. خو په دوی کې یوه داسې مور هم شته چې څلور زامن یې له پنځو کلونو راهیسې تري تم دي. &lt;/p&gt;||&lt;p&gt;\r\nپاکستان کې د نادرکه خلکو شمېر کم نه دی. که یو ځای د چا مېړه ورک دی نو بل ځای بیا د بل پلار نادرکه دی او یا هم د چا زوی. خو په دوی کې یوه داسې مور هم شته چې څلور زامن یې له پنځو کلونو راهیسې تري تم دي. &lt;/p&gt;||&lt;p&gt;\r\nپاکستان کې د نادرکه خلکو شمېر کم نه دی. که یو ځای د چا مېړه ورک دی نو بل ځای بیا د بل پلار نادرکه دی او یا هم د چا زوی. خو په دوی کې یوه داسې مور هم شته چې څلور زامن یې له پنځو کلونو راهیسې تري تم دي. &lt;/p&gt;||&lt;p&gt;\r\nپاکستان کې د نادرکه خلکو شمېر کم نه دی. که یو ځای د چا مېړه ورک دی نو بل ځای بیا د بل پلار نادرکه دی او یا هم د چا زوی. خو په دوی کې یوه داسې مور هم شته چې څلور زامن یې له پنځو کلونو راهیسې تري تم دي. &lt;/p&gt;||&lt;h4&gt;\r\nجان پري له خپلو نږورګانو او لمسیانو سره د خپلو زامنو لار څاري او تېر پنځه کاله یې هره ورځ همداسې تېره شوې ده. &lt;/h4&gt;||&lt;p&gt;\r\nعمر یې شاوخوا ۷۵ کاله او کونډه ده. اوس کور کې د روزۍ ګټلو څوک نه لري او د خلکو په مرسته ژوند تېروي. &lt;/p&gt;||&lt;p&gt;\r\nد جان پري ټول نادرکه زامن واده کړي او ماشومان هم لري. هغه وايي زامنو یې تر ورکېدو وړاندې مزدوري کوله او دومره څه یې ګټل چې د دوی ورځ پرې تېره شي، خو اوس هر څه ته حیران دي. &lt;/p&gt;||', 'News_5_5KPL2GiKTjGBNlM6ez6pbc8lL9C0NlI7DIpzA8eqJvCBBT8lXVKYLBGe1diC_1618181195__s8FrdIyyNO84EVNjXyCGu9KgXEhEyIRTPDXwytlBX5dj6c4MACNcP9gwlpAf_1618181195.jpg', '2021-04-11 22:46:35', 4);

-- --------------------------------------------------------

--
-- Table structure for table `news_cat`
--

CREATE TABLE `news_cat` (
  `id` int(11) NOT NULL,
  `name` varchar(100) DEFAULT NULL
) ENGINE=InnoDB DEFAULT CHARSET=utf8mb4;

--
-- Dumping data for table `news_cat`
--

INSERT INTO `news_cat` (`id`, `name`) VALUES
(2, 'General'),
(4, 'افغانستان'),
(6, 'توره بوړه خبرونه ارشیف'),
(5, 'دکابل حالات'),
(7, 'نړۍ');

-- --------------------------------------------------------

--
-- Table structure for table `news_comment`
--

CREATE TABLE `news_comment` (
  `id` int(11) NOT NULL,
  `name` varchar(50) DEFAULT NULL,
  `email` varchar(40) DEFAULT NULL,
  `comment` varchar(255) DEFAULT NULL,
  `news_id` int(11) DEFAULT NULL,
  `date` timestamp NOT NULL DEFAULT current_timestamp(),
  `status` int(1) NOT NULL DEFAULT 0 COMMENT '0 pending 1 status'
) ENGINE=InnoDB DEFAULT CHARSET=utf8mb4;

--
-- Dumping data for table `news_comment`
--

INSERT INTO `news_comment` (`id`, `name`, `email`, `comment`, `news_id`, `date`, `status`) VALUES
(1, 'Abdul Basit', 'tcomrprog@gmail.com', 'Testing', 16, '2021-04-04 21:12:36', 0),
(2, 'Salman Khan', 'tcomrprog@gmail.com', 'د دغو څېړونکو له ډلې ډاکتره هلن پېري وايي: &quot;مالومه نه ده چې دا د خوندیتابه د رامنځ ته کېدو له اړخه اوږد مهال کې څه اغېزې لري.&quot;', 16, '2021-04-04 21:12:36', 0),
(3, 'Ali', 'ali@gmail.com', 'د دغو څېړونکو له ډلې ډاکتره هلن پېري وايي: &quot;مالومه نه ده چې دا د خوندیتابه د رامنځ ته کېدو له اړخه اوږد مهال کې څه اغېزې لري.&quot;', 16, '2021-04-04 21:12:36', 0),
(5, 'Abdul Basit', 'tcomprog@gmail.com', 'Testing', 18, '2021-04-11 12:28:02', 1);

-- --------------------------------------------------------

--
-- Table structure for table `subscribe`
--

CREATE TABLE `subscribe` (
  `id` int(11) NOT NULL,
  `email` varchar(30) DEFAULT NULL
) ENGINE=InnoDB DEFAULT CHARSET=utf8mb4;

--
-- Dumping data for table `subscribe`
--

INSERT INTO `subscribe` (`id`, `email`) VALUES
(1, 'tcomrprog@gmail.com');

-- --------------------------------------------------------

--
-- Table structure for table `video`
--

CREATE TABLE `video` (
  `id` int(11) NOT NULL,
  `title` varchar(255) DEFAULT NULL,
  `des` text DEFAULT NULL,
  `video_id` varchar(80) DEFAULT NULL,
  `view` int(11) DEFAULT 0,
  `image` varchar(100) DEFAULT NULL,
  `date` timestamp NOT NULL DEFAULT current_timestamp(),
  `video_cat` int(4) NOT NULL
) ENGINE=InnoDB DEFAULT CHARSET=utf8mb4;

--
-- Dumping data for table `video`
--

INSERT INTO `video` (`id`, `title`, `des`, `video_id`, `view`, `image`, `date`, `video_cat`) VALUES
(2, 'د سنګین ولسوالۍ امنیه قومندانۍ سرپرست د وسله والو په برید کې وژل شوی', 'د سنګین ولسوالۍ امنیه قومندانۍ سرپرست د وسله والو په برید کې وژل شوی', 'olFdrbi-90A', 2, 'Video_olFdrbi-90A.png', '2021-03-27 17:56:56', 1),
(3, 'د هلمند سنګین ولسوالۍ امنیه قومندانۍ سرپرست عبدالحمید سروري د وسله والو په یوه برید کې وژل شوی دی', 'دغه بریدونه تېره شپه ناوخته د هلمند په سنګین ولسوالۍ کې پر امنیتي پوستو شوي، چې د سرپرست عبدالحمید سروري تر څنګ دوه سرتېري هم پکې وژل شوي دي.\r\n\r\nوسله وال طالبان وايي، دغه بریدونه د دوی دوو تنو نفوذي کسانو کړي او ادعا کوي چې د افغان امنیتي ځواکونو لس کسان یې وژلي دي.\r\n\r\nد هلمند پولیسو ویاند محمد زمان همدرد وايي، د افغان امنیتي ځواکونو په ځوابي برید کې ۱۵ بریدګر وژل شوي او اووه تنه ټپیان دي', 'YiavyutlytM', 3, 'Video_YiavyutlytM.png', '2021-03-27 17:56:56', 1),
(4, 'د هلمند سنګین ولسوالۍ امنیه قومندانۍ سرپرست عبدالحمید سروري د وسله والو په یوه برید کې وژل شوی دی.', 'د هلمند سنګین ولسوالۍ امنیه قومندانۍ سرپرست عبدالحمید سروري د وسله والو په یوه برید کې وژل شوی دی.', 'Nh8p55gsPtk', 1, 'Video_Nh8p55gsPtk.png', '2021-03-27 17:56:56', 1),
(8, 'وسله وال طالبان وايي، دغه بریدونه د دوی دوو تنو نفوذي کسانو کړي او ادعا کوي چې د افغان امنیتي ځواکونو لس کسان یې وژلي دي.', 'وسله وال طالبان وايي، دغه بریدونه د دوی دوو تنو نفوذي کسانو کړي او ادعا کوي چې د افغان امنیتي ځواکونو لس کسان یې وژلي دي.', 'QPCF1bN8vYA', 6, 'Video_QPCF1bN8vYA.png', '2021-03-27 17:56:56', 1),
(9, 'وسله وال طالبان وايي، دغه بریدونه د دوی دوو تنو نفوذي کسانو کړي او ادعا کوي چې د افغان امنیتي ځواکونو لس کسان یې وژلي دي.', 'وسله وال طالبان وايي، دغه بریدونه د دوی دوو تنو نفوذي کسانو کړي او ادعا کوي چې د افغان امنیتي ځواکونو لس کسان یې وژلي دي.', 'cH8j0TLHKCc', 384, 'Video_cH8j0TLHKCc.png', '2021-03-27 17:56:56', 2),
(12, 'بل لور ته په پلازمېنه کابل کې پولیس وايي، نامعلومو وسله والو د ملي امنیت ادارې یو کارکوونکی په ډزو وژلی دی. ', 'بل لور ته په پلازمېنه کابل کې پولیس وايي، نامعلومو وسله والو د ملي امنیت ادارې یو کارکوونکی په ډزو وژلی دی.', '2IDnEDp-khs', 905, 'Video_2IDnEDp-khs.png', '2021-03-27 17:56:56', 2),
(13, 'بل لور ته په پلازمېنه کابل کې پولیس وايي، نامعلومو وسله والو د ملي امنیت ادارې یو کارکوونکی په ډزو وژلی دی. ', 'بل لور ته په پلازمېنه کابل کې پولیس وايي، نامعلومو وسله والو د ملي امنیت ادارې یو کارکوونکی په ډزو وژلی دی.', 'UPTIbYdNNlI', 304, 'Video_UPTIbYdNNlI.png', '2021-03-27 17:56:56', 2),
(14, 'د پولیسو په وینا پېښه له ځايي وخت سره سم ګهیځ نژدې اووه بجې د اوومې ناحیې په غیبي کلا سیمه کې شوې ده.', 'د پولیسو په وینا پېښه له ځايي وخت سره سم ګهیځ نژدې اووه بجې د اوومې ناحیې په غیبي کلا سیمه کې شوې ده.', '9LdENlaErXo', 20, 'Video_9LdENlaErXo.png', '2021-03-27 17:56:56', 2),
(15, 'د پولیسو په وینا پېښه له ځايي وخت سره سم ګهیځ نژدې اووه بجې د اوومې ناحیې په غیبي کلا سیمه کې شوې ده.', 'د پولیسو په وینا پېښه له ځايي وخت سره سم ګهیځ نژدې اووه بجې د اوومې ناحیې په غیبي کلا سیمه کې شوې ده.', 'fZNs3Df_Uys', 12, 'Video_fZNs3Df_Uys.png', '2021-03-27 17:56:56', 1),
(16, 'شي جېن پېنګ او ولادیمیر پوتین د نړۍ د ۴۰ مشرانو په نوملړ کې دي چې د ځمکې د ورځې نړیوالې ناستې ته بلل شوي دي. ', 'شي جېن پېنګ او ولادیمیر پوتین د نړۍ د ۴۰ مشرانو په نوملړ کې دي چې د ځمکې د ورځې نړیوالې ناستې ته بلل شوي دي.', 'dQoqgxBXpg8', 104, 'Video_VTADHl_EOW8.png', '2021-03-27 17:56:56', 3);

-- --------------------------------------------------------

--
-- Table structure for table `video_cat`
--

CREATE TABLE `video_cat` (
  `id` int(11) NOT NULL,
  `name` varchar(60) DEFAULT NULL
) ENGINE=InnoDB DEFAULT CHARSET=utf8mb4;

--
-- Dumping data for table `video_cat`
--

INSERT INTO `video_cat` (`id`, `name`) VALUES
(1, 'توره بوړه سټوډیو'),
(2, 'منبع الجهاد سټوډیو'),
(3, 'الاماره سټوډیو'),
(4, 'الهجرة سټوډیو');

--
-- Indexes for dumped tables
--

--
-- Indexes for table `admin`
--
ALTER TABLE `admin`
  ADD PRIMARY KEY (`id`);

--
-- Indexes for table `audio`
--
ALTER TABLE `audio`
  ADD PRIMARY KEY (`id`);

--
-- Indexes for table `blog`
--
ALTER TABLE `blog`
  ADD PRIMARY KEY (`id`),
  ADD KEY `cat_id` (`cat_id`);

--
-- Indexes for table `blog_cat`
--
ALTER TABLE `blog_cat`
  ADD PRIMARY KEY (`id`),
  ADD UNIQUE KEY `name` (`name`);

--
-- Indexes for table `blog_comment`
--
ALTER TABLE `blog_comment`
  ADD PRIMARY KEY (`id`),
  ADD KEY `blog_id` (`blog_id`);

--
-- Indexes for table `city`
--
ALTER TABLE `city`
  ADD PRIMARY KEY (`id`),
  ADD UNIQUE KEY `name` (`name`);

--
-- Indexes for table `company_info`
--
ALTER TABLE `company_info`
  ADD PRIMARY KEY (`id`);

--
-- Indexes for table `contact`
--
ALTER TABLE `contact`
  ADD PRIMARY KEY (`id`);

--
-- Indexes for table `news`
--
ALTER TABLE `news`
  ADD PRIMARY KEY (`id`),
  ADD KEY `news_cat` (`news_cat`),
  ADD KEY `location_id` (`location_id`);

--
-- Indexes for table `news_cat`
--
ALTER TABLE `news_cat`
  ADD PRIMARY KEY (`id`),
  ADD UNIQUE KEY `name` (`name`);

--
-- Indexes for table `news_comment`
--
ALTER TABLE `news_comment`
  ADD PRIMARY KEY (`id`),
  ADD KEY `news_id` (`news_id`);

--
-- Indexes for table `subscribe`
--
ALTER TABLE `subscribe`
  ADD PRIMARY KEY (`id`),
  ADD UNIQUE KEY `email` (`email`);

--
-- Indexes for table `video`
--
ALTER TABLE `video`
  ADD PRIMARY KEY (`id`),
  ADD UNIQUE KEY `video_id` (`video_id`);

--
-- Indexes for table `video_cat`
--
ALTER TABLE `video_cat`
  ADD PRIMARY KEY (`id`);

--
-- AUTO_INCREMENT for dumped tables
--

--
-- AUTO_INCREMENT for table `admin`
--
ALTER TABLE `admin`
  MODIFY `id` int(11) NOT NULL AUTO_INCREMENT, AUTO_INCREMENT=2;

--
-- AUTO_INCREMENT for table `audio`
--
ALTER TABLE `audio`
  MODIFY `id` int(11) NOT NULL AUTO_INCREMENT, AUTO_INCREMENT=30;

--
-- AUTO_INCREMENT for table `blog`
--
ALTER TABLE `blog`
  MODIFY `id` int(11) NOT NULL AUTO_INCREMENT, AUTO_INCREMENT=36;

--
-- AUTO_INCREMENT for table `blog_cat`
--
ALTER TABLE `blog_cat`
  MODIFY `id` int(11) NOT NULL AUTO_INCREMENT, AUTO_INCREMENT=12;

--
-- AUTO_INCREMENT for table `blog_comment`
--
ALTER TABLE `blog_comment`
  MODIFY `id` int(11) NOT NULL AUTO_INCREMENT, AUTO_INCREMENT=8;

--
-- AUTO_INCREMENT for table `city`
--
ALTER TABLE `city`
  MODIFY `id` int(11) NOT NULL AUTO_INCREMENT, AUTO_INCREMENT=7;

--
-- AUTO_INCREMENT for table `company_info`
--
ALTER TABLE `company_info`
  MODIFY `id` int(11) NOT NULL AUTO_INCREMENT, AUTO_INCREMENT=2;

--
-- AUTO_INCREMENT for table `contact`
--
ALTER TABLE `contact`
  MODIFY `id` int(11) NOT NULL AUTO_INCREMENT, AUTO_INCREMENT=6;

--
-- AUTO_INCREMENT for table `news`
--
ALTER TABLE `news`
  MODIFY `id` int(11) NOT NULL AUTO_INCREMENT, AUTO_INCREMENT=24;

--
-- AUTO_INCREMENT for table `news_cat`
--
ALTER TABLE `news_cat`
  MODIFY `id` int(11) NOT NULL AUTO_INCREMENT, AUTO_INCREMENT=8;

--
-- AUTO_INCREMENT for table `news_comment`
--
ALTER TABLE `news_comment`
  MODIFY `id` int(11) NOT NULL AUTO_INCREMENT, AUTO_INCREMENT=6;

--
-- AUTO_INCREMENT for table `subscribe`
--
ALTER TABLE `subscribe`
  MODIFY `id` int(11) NOT NULL AUTO_INCREMENT, AUTO_INCREMENT=4;

--
-- AUTO_INCREMENT for table `video`
--
ALTER TABLE `video`
  MODIFY `id` int(11) NOT NULL AUTO_INCREMENT, AUTO_INCREMENT=21;

--
-- AUTO_INCREMENT for table `video_cat`
--
ALTER TABLE `video_cat`
  MODIFY `id` int(11) NOT NULL AUTO_INCREMENT, AUTO_INCREMENT=5;

--
-- Constraints for dumped tables
--

--
-- Constraints for table `blog`
--
ALTER TABLE `blog`
  ADD CONSTRAINT `blog_ibfk_1` FOREIGN KEY (`cat_id`) REFERENCES `blog_cat` (`id`);

--
-- Constraints for table `blog_comment`
--
ALTER TABLE `blog_comment`
  ADD CONSTRAINT `blog_comment_ibfk_1` FOREIGN KEY (`blog_id`) REFERENCES `blog` (`id`);

--
-- Constraints for table `news`
--
ALTER TABLE `news`
  ADD CONSTRAINT `news_ibfk_1` FOREIGN KEY (`news_cat`) REFERENCES `news_cat` (`id`),
  ADD CONSTRAINT `news_ibfk_2` FOREIGN KEY (`location_id`) REFERENCES `city` (`id`);

--
-- Constraints for table `news_comment`
--
ALTER TABLE `news_comment`
  ADD CONSTRAINT `news_comment_ibfk_1` FOREIGN KEY (`news_id`) REFERENCES `news` (`id`);
COMMIT;

/*!40101 SET CHARACTER_SET_CLIENT=@OLD_CHARACTER_SET_CLIENT */;
/*!40101 SET CHARACTER_SET_RESULTS=@OLD_CHARACTER_SET_RESULTS */;
/*!40101 SET COLLATION_CONNECTION=@OLD_COLLATION_CONNECTION */;
